#options: 2560x1440 fps=60/1 timebase=1/60 bitdepth=8 cabac=1 ref=1 deblock=1:0:0 analyse=0x1:0 me=dia subme=2 psy=1 psy_rd=1.00:0.00 mixed_ref=0 me_range=16 chroma_me=1 trellis=0 8x8dct=0 cqm=0 deadzone=21,11 fast_pskip=1 chroma_qp_offset=0 threads=18 lookahead_threads=6 sliced_threads=0 nr=0 decimate=1 interlaced=0 bluray_compat=0 constrained_intra=0 bframes=3 b_pyramid=2 b_adapt=1 b_bias=0 direct=1 weightb=1 open_gop=0 weightp=2 keyint=250 keyint_min=25 scenecut=40 intra_refresh=0 rc_lookahead=40 rc=abr mbtree=1 bitrate=3759 ratetol=1.0 qcomp=0.60 qpmin=0 qpmax=69 qpstep=4 ip_ratio=1.40 aq=1:1.00
in:0 out:0 type:I dur:2 cpbdur:2 q:38.91 aq:30.89 tex:1548507 mv:306707 misc:586 imb:14400 pmb:0 smb:0 d:- ref:;
in:2 out:1 type:P dur:2 cpbdur:2 q:40.69 aq:34.49 tex:14830 mv:8596 misc:4662 imb:191 pmb:971 smb:13238 d:- ref:0 ;
in:1 out:2 type:b dur:2 cpbdur:2 q:40.69 aq:41.40 tex:190 mv:1110 misc:2292 imb:5 pmb:443 smb:13952 d:- ref:0 ;
in:4 out:3 type:P dur:2 cpbdur:2 q:40.64 aq:33.08 tex:39539 mv:18498 misc:6563 imb:750 pmb:1846 smb:11804 d:- ref:0 ;
in:3 out:4 type:b dur:2 cpbdur:2 q:40.67 aq:42.85 tex:813 mv:3948 misc:2063 imb:17 pmb:371 smb:14012 d:- ref:0 ;
in:6 out:5 type:P dur:2 cpbdur:2 q:40.65 aq:33.54 tex:20663 mv:11250 misc:6071 imb:239 pmb:1520 smb:12641 d:- ref:0 ;
in:5 out:6 type:b dur:2 cpbdur:2 q:40.64 aq:41.47 tex:118 mv:1262 misc:1284 imb:2 pmb:138 smb:14260 d:- ref:0 ;
in:8 out:7 type:P dur:2 cpbdur:2 q:40.61 aq:33.59 tex:31796 mv:14042 misc:6818 imb:356 pmb:1933 smb:12111 d:- ref:0 ;
in:7 out:8 type:b dur:2 cpbdur:2 q:40.63 aq:40.46 tex:343 mv:2361 misc:1752 imb:3 pmb:254 smb:14143 d:- ref:0 ;
in:10 out:9 type:P dur:2 cpbdur:2 q:40.58 aq:33.01 tex:32406 mv:14409 misc:7137 imb:400 pmb:1971 smb:12029 d:- ref:0 ;
in:9 out:10 type:b dur:2 cpbdur:2 q:40.59 aq:42.59 tex:314 mv:1847 misc:1495 imb:1 pmb:189 smb:14210 d:- ref:0 ;
in:12 out:11 type:P dur:2 cpbdur:2 q:40.56 aq:33.01 tex:34031 mv:14404 misc:7189 imb:429 pmb:1986 smb:11985 d:- ref:0 ;
in:11 out:12 type:b dur:2 cpbdur:2 q:40.57 aq:42.88 tex:431 mv:2485 misc:1716 imb:7 pmb:243 smb:14150 d:- ref:0 ;
in:14 out:13 type:P dur:2 cpbdur:2 q:40.54 aq:33.12 tex:25430 mv:12343 misc:6683 imb:342 pmb:1740 smb:12318 d:- ref:0 ;
in:13 out:14 type:b dur:2 cpbdur:2 q:40.55 aq:34.75 tex:435 mv:1118 misc:1311 imb:8 pmb:152 smb:14240 d:- ref:0 ;
in:16 out:15 type:P dur:2 cpbdur:2 q:40.51 aq:33.25 tex:23775 mv:11397 misc:6700 imb:269 pmb:1731 smb:12400 d:- ref:0 ;
in:15 out:16 type:b dur:2 cpbdur:2 q:40.53 aq:41.41 tex:110 mv:284 misc:854 imb:2 pmb:39 smb:14359 d:- ref:0 ;
in:18 out:17 type:P dur:2 cpbdur:2 q:40.47 aq:33.31 tex:36700 mv:15581 misc:8343 imb:440 pmb:2297 smb:11663 d:- ref:0 ;
in:17 out:18 type:b dur:2 cpbdur:2 q:40.49 aq:39.59 tex:444 mv:1446 misc:1286 imb:6 pmb:135 smb:14259 d:- ref:0 ;
in:20 out:19 type:P dur:2 cpbdur:2 q:48.47 aq:37.51 tex:1662 mv:2663 misc:2179 imb:90 pmb:258 smb:14052 d:- ref:0 ;
in:19 out:20 type:b dur:2 cpbdur:2 q:44.47 aq:35.28 tex:59 mv:390 misc:839 imb:2 pmb:35 smb:14363 d:- ref:0 ;
in:22 out:21 type:P dur:2 cpbdur:2 q:56.47 aq:50.77 tex:550 mv:1240 misc:1330 imb:66 pmb:84 smb:14250 d:- ref:0 ;
in:21 out:22 type:b dur:2 cpbdur:2 q:52.47 aq:50.78 tex:256 mv:171 misc:853 imb:7 pmb:35 smb:14358 d:- ref:0 ;
in:24 out:23 type:P dur:2 cpbdur:2 q:53.77 aq:48.49 tex:3146 mv:2596 misc:2514 imb:233 pmb:325 smb:13842 d:- ref:0 ;
in:23 out:24 type:b dur:2 cpbdur:2 q:55.12 aq:51.00 tex:123 mv:374 misc:807 imb:7 pmb:24 smb:14369 d:- ref:0 ;
in:26 out:25 type:P dur:2 cpbdur:2 q:51.72 aq:43.82 tex:4585 mv:3192 misc:2975 imb:269 pmb:348 smb:13783 d:- ref:0 ;
in:25 out:26 type:b dur:2 cpbdur:2 q:52.75 aq:51.00 tex:112 mv:197 misc:715 imb:0 pmb:17 smb:14383 d:- ref:0 ;
in:28 out:27 type:P dur:2 cpbdur:2 q:50.10 aq:42.64 tex:6417 mv:5488 misc:3959 imb:353 pmb:590 smb:13457 d:- ref:0 ;
in:27 out:28 type:b dur:2 cpbdur:2 q:50.91 aq:51.00 tex:46 mv:157 misc:709 imb:1 pmb:14 smb:14385 d:- ref:0 ;
in:30 out:29 type:P dur:2 cpbdur:2 q:48.77 aq:42.10 tex:12363 mv:8707 misc:4858 imb:722 pmb:722 smb:12956 d:- ref:0 ;
in:29 out:30 type:b dur:2 cpbdur:2 q:49.44 aq:46.83 tex:241 mv:197 misc:1162 imb:1 pmb:114 smb:14285 d:- ref:0 ;
in:34 out:31 type:P dur:2 cpbdur:2 q:47.61 aq:39.67 tex:28021 mv:16525 misc:7542 imb:1789 pmb:1153 smb:11458 d:- ref:0 ;
in:32 out:32 type:B dur:2 cpbdur:2 q:48.19 aq:39.82 tex:1449 mv:2246 misc:2201 imb:43 pmb:293 smb:14064 d:- ref:0 ;
in:31 out:33 type:b dur:2 cpbdur:2 q:48.48 aq:42.56 tex:368 mv:381 misc:1075 imb:18 pmb:79 smb:14303 d:- ref:0 ;
in:33 out:34 type:b dur:2 cpbdur:2 q:47.90 aq:47.37 tex:505 mv:1139 misc:1188 imb:8 pmb:104 smb:14288 d:- ref:0 ;
in:36 out:35 type:P dur:2 cpbdur:2 q:45.83 aq:37.29 tex:27895 mv:14823 misc:7618 imb:1139 pmb:1270 smb:11991 d:- ref:0 ;
in:35 out:36 type:b dur:2 cpbdur:2 q:46.72 aq:45.91 tex:146 mv:454 misc:856 imb:4 pmb:40 smb:14356 d:- ref:0 ;
in:38 out:37 type:P dur:2 cpbdur:2 q:44.90 aq:37.41 tex:24874 mv:12402 misc:7012 imb:560 pmb:1395 smb:12445 d:- ref:0 ;
in:37 out:38 type:b dur:2 cpbdur:2 q:45.36 aq:44.16 tex:139 mv:578 misc:1035 imb:1 pmb:73 smb:14326 d:- ref:0 ;
in:40 out:39 type:P dur:2 cpbdur:2 q:44.07 aq:36.26 tex:29014 mv:13673 misc:7865 imb:693 pmb:1520 smb:12187 d:- ref:0 ;
in:39 out:40 type:b dur:2 cpbdur:2 q:44.48 aq:40.36 tex:287 mv:563 misc:1062 imb:3 pmb:80 smb:14317 d:- ref:0 ;
in:42 out:41 type:P dur:2 cpbdur:2 q:43.41 aq:35.70 tex:36230 mv:16406 misc:8636 imb:780 pmb:1931 smb:11689 d:- ref:0 ;
in:41 out:42 type:b dur:2 cpbdur:2 q:43.74 aq:40.00 tex:248 mv:1077 misc:1163 imb:3 pmb:116 smb:14281 d:- ref:0 ;
in:44 out:43 type:P dur:2 cpbdur:2 q:42.84 aq:34.91 tex:34197 mv:15475 misc:8384 imb:620 pmb:1857 smb:11923 d:- ref:0 ;
in:43 out:44 type:b dur:2 cpbdur:2 q:43.13 aq:40.14 tex:233 mv:722 misc:1189 imb:2 pmb:111 smb:14287 d:- ref:0 ;
in:46 out:45 type:P dur:2 cpbdur:2 q:42.35 aq:34.43 tex:46005 mv:21176 misc:9443 imb:1086 pmb:2270 smb:11044 d:- ref:0 ;
in:45 out:46 type:b dur:2 cpbdur:2 q:42.59 aq:39.95 tex:912 mv:2889 misc:1991 imb:18 pmb:299 smb:14083 d:- ref:0 ;
in:48 out:47 type:P dur:2 cpbdur:2 q:41.97 aq:34.23 tex:34117 mv:15654 misc:8053 imb:559 pmb:1881 smb:11960 d:- ref:0 ;
in:47 out:48 type:b dur:2 cpbdur:2 q:42.16 aq:37.31 tex:379 mv:1751 misc:1566 imb:6 pmb:220 smb:14174 d:- ref:0 ;
in:50 out:49 type:P dur:2 cpbdur:2 q:41.73 aq:34.27 tex:40314 mv:16994 misc:7380 imb:624 pmb:1913 smb:11863 d:- ref:0 ;
in:49 out:50 type:b dur:2 cpbdur:2 q:41.85 aq:40.73 tex:967 mv:2672 misc:1665 imb:11 pmb:277 smb:14112 d:- ref:0 ;
in:54 out:51 type:P dur:2 cpbdur:2 q:41.17 aq:34.20 tex:49130 mv:19481 misc:8453 imb:773 pmb:2263 smb:11364 d:- ref:0 ;
in:52 out:52 type:B dur:2 cpbdur:2 q:41.45 aq:37.02 tex:3173 mv:6476 misc:2839 imb:50 pmb:637 smb:13713 d:- ref:0 ;
in:51 out:53 type:b dur:2 cpbdur:2 q:41.59 aq:35.72 tex:215 mv:1292 misc:1333 imb:4 pmb:151 smb:14245 d:- ref:0 ;
in:53 out:54 type:b dur:2 cpbdur:2 q:41.31 aq:35.31 tex:968 mv:3493 misc:1835 imb:14 pmb:320 smb:14066 d:- ref:0 ;
in:56 out:55 type:P dur:2 cpbdur:2 q:40.64 aq:33.26 tex:51486 mv:15590 misc:10044 imb:503 pmb:2545 smb:11352 d:- ref:0 ;
in:55 out:56 type:b dur:2 cpbdur:2 q:40.90 aq:40.42 tex:286 mv:475 misc:935 imb:0 pmb:65 smb:14335 d:- ref:0 ;
in:58 out:57 type:P dur:2 cpbdur:2 q:40.43 aq:33.32 tex:60153 mv:21093 misc:9594 imb:846 pmb:2702 smb:10852 d:- ref:0 ;
in:57 out:58 type:b dur:2 cpbdur:2 q:40.53 aq:38.15 tex:1014 mv:2684 misc:1734 imb:8 pmb:258 smb:14134 d:- ref:0 ;
in:60 out:59 type:P dur:2 cpbdur:2 q:40.30 aq:33.84 tex:40063 mv:13719 misc:8074 imb:469 pmb:1991 smb:11940 d:- ref:0 ;
in:59 out:60 type:b dur:2 cpbdur:2 q:40.37 aq:35.45 tex:244 mv:472 misc:1788 imb:3 pmb:251 smb:14146 d:- ref:0 ;
in:62 out:61 type:P dur:2 cpbdur:2 q:40.12 aq:33.85 tex:58001 mv:18497 misc:8310 imb:704 pmb:2429 smb:11267 d:- ref:0 ;
in:61 out:62 type:b dur:2 cpbdur:2 q:40.21 aq:37.38 tex:792 mv:2752 misc:1912 imb:14 pmb:297 smb:14089 d:- ref:0 ;
in:66 out:63 type:P dur:2 cpbdur:2 q:40.04 aq:31.39 tex:140713 mv:36648 misc:12831 imb:2113 pmb:4415 smb:7872 d:- ref:0 ;
in:64 out:64 type:B dur:2 cpbdur:2 q:40.08 aq:34.69 tex:3291 mv:6421 misc:3096 imb:60 pmb:692 smb:13648 d:- ref:0 ;
in:63 out:65 type:b dur:2 cpbdur:2 q:40.10 aq:35.41 tex:648 mv:2444 misc:1908 imb:3 pmb:305 smb:14092 d:- ref:0 ;
in:65 out:66 type:b dur:2 cpbdur:2 q:40.06 aq:40.30 tex:489 mv:1858 misc:1549 imb:2 pmb:200 smb:14198 d:- ref:0 ;
in:70 out:67 type:P dur:2 cpbdur:2 q:40.01 aq:32.43 tex:69660 mv:21169 misc:8331 imb:873 pmb:2438 smb:11089 d:- ref:0 ;
in:68 out:68 type:B dur:2 cpbdur:2 q:40.03 aq:33.56 tex:7274 mv:8943 misc:3151 imb:87 pmb:833 smb:13480 d:- ref:0 ;
in:67 out:69 type:b dur:2 cpbdur:2 q:40.03 aq:39.74 tex:1620 mv:4001 misc:2587 imb:18 pmb:595 smb:13787 d:- ref:0 ;
in:69 out:70 type:b dur:2 cpbdur:2 q:40.02 aq:41.32 tex:1659 mv:3573 misc:2024 imb:7 pmb:381 smb:14012 d:- ref:0 ;
in:72 out:71 type:P dur:2 cpbdur:2 q:39.59 aq:32.04 tex:78965 mv:18630 misc:8581 imb:751 pmb:2455 smb:11194 d:- ref:0 ;
in:71 out:72 type:b dur:2 cpbdur:2 q:39.80 aq:41.28 tex:2699 mv:5960 misc:2469 imb:19 pmb:570 smb:13811 d:- ref:0 ;
in:74 out:73 type:P dur:2 cpbdur:2 q:39.48 aq:31.42 tex:82478 mv:21228 misc:8230 imb:809 pmb:2595 smb:10996 d:- ref:0 ;
in:73 out:74 type:b dur:2 cpbdur:2 q:39.53 aq:41.33 tex:1954 mv:4701 misc:2361 imb:20 pmb:499 smb:13881 d:- ref:0 ;
in:78 out:75 type:P dur:2 cpbdur:2 q:39.43 aq:32.24 tex:63943 mv:16485 misc:7284 imb:559 pmb:2192 smb:11649 d:- ref:0 ;
in:76 out:76 type:B dur:2 cpbdur:2 q:39.45 aq:33.21 tex:6877 mv:7369 misc:2850 imb:28 pmb:771 smb:13601 d:- ref:0 ;
in:75 out:77 type:b dur:2 cpbdur:2 q:39.47 aq:41.57 tex:180 mv:1065 misc:1755 imb:5 pmb:272 smb:14123 d:- ref:0 ;
in:77 out:78 type:b dur:2 cpbdur:2 q:39.44 aq:41.41 tex:2408 mv:4395 misc:2389 imb:19 pmb:509 smb:13872 d:- ref:0 ;
in:80 out:79 type:P dur:2 cpbdur:2 q:39.09 aq:31.95 tex:49853 mv:13821 misc:7326 imb:468 pmb:1970 smb:11962 d:- ref:0 ;
in:79 out:80 type:b dur:2 cpbdur:2 q:39.26 aq:41.89 tex:1184 mv:2438 misc:1698 imb:9 pmb:281 smb:14110 d:- ref:0 ;
in:82 out:81 type:P dur:2 cpbdur:2 q:39.11 aq:31.18 tex:125205 mv:32758 misc:10605 imb:1586 pmb:3832 smb:8982 d:- ref:0 ;
in:81 out:82 type:b dur:2 cpbdur:2 q:39.10 aq:37.09 tex:1295 mv:3632 misc:1969 imb:7 pmb:344 smb:14049 d:- ref:0 ;
in:84 out:83 type:P dur:2 cpbdur:2 q:38.91 aq:31.45 tex:64799 mv:17597 misc:8108 imb:395 pmb:2511 smb:11494 d:- ref:0 ;
in:83 out:84 type:b dur:2 cpbdur:2 q:39.01 aq:39.41 tex:1341 mv:3771 misc:1976 imb:10 pmb:369 smb:14021 d:- ref:0 ;
in:88 out:85 type:P dur:2 cpbdur:2 q:38.78 aq:32.05 tex:70711 mv:18059 misc:6422 imb:641 pmb:1792 smb:11967 d:- ref:0 ;
in:86 out:86 type:B dur:2 cpbdur:2 q:38.85 aq:33.98 tex:4622 mv:6461 misc:2877 imb:50 pmb:688 smb:13662 d:- ref:0 ;
in:85 out:87 type:b dur:2 cpbdur:2 q:38.88 aq:40.89 tex:95 mv:592 misc:1937 imb:0 pmb:360 smb:14040 d:- ref:0 ;
in:87 out:88 type:b dur:2 cpbdur:2 q:38.81 aq:36.89 tex:3609 mv:4115 misc:2228 imb:15 pmb:478 smb:13907 d:- ref:0 ;
in:92 out:89 type:P dur:2 cpbdur:2 q:38.48 aq:32.10 tex:83327 mv:20993 misc:9816 imb:614 pmb:3130 smb:10656 d:- ref:0 ;
in:90 out:90 type:B dur:2 cpbdur:2 q:38.63 aq:35.40 tex:10212 mv:8654 misc:2830 imb:86 pmb:759 smb:13555 d:- ref:0 ;
in:89 out:91 type:b dur:2 cpbdur:2 q:38.71 aq:39.48 tex:2619 mv:4491 misc:2306 imb:12 pmb:482 smb:13906 d:- ref:0 ;
in:91 out:92 type:b dur:2 cpbdur:2 q:38.55 aq:38.93 tex:2846 mv:5063 misc:2363 imb:19 pmb:488 smb:13893 d:- ref:0 ;
in:96 out:93 type:P dur:2 cpbdur:2 q:38.43 aq:30.30 tex:205031 mv:42132 misc:13645 imb:2191 pmb:5623 smb:6586 d:- ref:0 ;
in:94 out:94 type:B dur:2 cpbdur:2 q:38.46 aq:33.53 tex:7364 mv:6120 misc:3044 imb:52 pmb:750 smb:13598 d:- ref:0 ;
in:93 out:95 type:b dur:2 cpbdur:2 q:38.47 aq:40.96 tex:3140 mv:6429 misc:2551 imb:26 pmb:608 smb:13766 d:- ref:0 ;
in:95 out:96 type:b dur:2 cpbdur:2 q:38.45 aq:31.56 tex:488 mv:601 misc:1527 imb:0 pmb:204 smb:14196 d:- ref:0 ;
in:98 out:97 type:P dur:2 cpbdur:2 q:38.45 aq:30.63 tex:66041 mv:17114 misc:8997 imb:511 pmb:2444 smb:11445 d:- ref:0 ;
in:97 out:98 type:b dur:2 cpbdur:2 q:38.44 aq:40.34 tex:3950 mv:5271 misc:2467 imb:25 pmb:547 smb:13828 d:- ref:0 ;
in:100 out:99 type:P dur:2 cpbdur:2 q:38.52 aq:31.01 tex:59320 mv:16864 misc:8792 imb:397 pmb:2442 smb:11561 d:- ref:0 ;
in:99 out:100 type:b dur:2 cpbdur:2 q:38.48 aq:30.92 tex:2035 mv:3160 misc:1933 imb:6 pmb:355 smb:14039 d:- ref:0 ;
in:104 out:101 type:P dur:2 cpbdur:2 q:38.49 aq:31.37 tex:60509 mv:17362 misc:7713 imb:604 pmb:2409 smb:11387 d:- ref:0 ;
in:102 out:102 type:B dur:2 cpbdur:2 q:38.50 aq:35.00 tex:7340 mv:7761 misc:2803 imb:65 pmb:767 smb:13568 d:- ref:0 ;
in:101 out:103 type:b dur:2 cpbdur:2 q:38.51 aq:35.18 tex:2805 mv:4142 misc:2173 imb:19 pmb:424 smb:13957 d:- ref:0 ;
in:103 out:104 type:b dur:2 cpbdur:2 q:38.50 aq:34.36 tex:2546 mv:2325 misc:1697 imb:18 pmb:275 smb:14107 d:- ref:0 ;
in:106 out:105 type:P dur:2 cpbdur:2 q:38.19 aq:30.57 tex:107219 mv:22145 misc:12148 imb:721 pmb:4144 smb:9535 d:- ref:0 ;
in:105 out:106 type:b dur:2 cpbdur:2 q:38.34 aq:36.02 tex:4136 mv:2480 misc:1616 imb:11 pmb:255 smb:14134 d:- ref:0 ;
in:110 out:107 type:P dur:2 cpbdur:2 q:38.21 aq:31.55 tex:60396 mv:20883 misc:8137 imb:641 pmb:2609 smb:11150 d:- ref:0 ;
in:108 out:108 type:B dur:2 cpbdur:2 q:38.20 aq:35.65 tex:6886 mv:8064 misc:2986 imb:27 pmb:793 smb:13580 d:- ref:0 ;
in:107 out:109 type:b dur:2 cpbdur:2 q:38.19 aq:33.67 tex:2445 mv:2908 misc:2231 imb:6 pmb:376 smb:14018 d:- ref:0 ;
in:109 out:110 type:b dur:2 cpbdur:2 q:38.20 aq:40.17 tex:2409 mv:5240 misc:2271 imb:12 pmb:515 smb:13873 d:- ref:0 ;
in:112 out:111 type:P dur:2 cpbdur:2 q:38.07 aq:31.40 tex:79329 mv:22824 misc:8791 imb:800 pmb:3039 smb:10561 d:- ref:0 ;
in:111 out:112 type:b dur:2 cpbdur:2 q:38.14 aq:35.91 tex:2556 mv:2866 misc:2290 imb:10 pmb:403 smb:13987 d:- ref:0 ;
in:114 out:113 type:P dur:2 cpbdur:2 q:37.85 aq:30.94 tex:87711 mv:21656 misc:10537 imb:612 pmb:3610 smb:10178 d:- ref:0 ;
in:113 out:114 type:b dur:2 cpbdur:2 q:37.96 aq:36.60 tex:4238 mv:2077 misc:1573 imb:8 pmb:218 smb:14174 d:- ref:0 ;
in:116 out:115 type:P dur:2 cpbdur:2 q:37.75 aq:30.91 tex:72080 mv:18588 misc:9404 imb:404 pmb:3069 smb:10927 d:- ref:0 ;
in:115 out:116 type:b dur:2 cpbdur:2 q:37.80 aq:38.65 tex:4324 mv:4205 misc:2127 imb:6 pmb:431 smb:13963 d:- ref:0 ;
in:118 out:117 type:P dur:2 cpbdur:2 q:37.66 aq:30.73 tex:95907 mv:22013 misc:9344 imb:752 pmb:3186 smb:10462 d:- ref:0 ;
in:117 out:118 type:b dur:2 cpbdur:2 q:37.70 aq:35.00 tex:6110 mv:4932 misc:2422 imb:32 pmb:558 smb:13810 d:- ref:0 ;
in:122 out:119 type:P dur:2 cpbdur:2 q:37.56 aq:30.81 tex:435545 mv:62541 misc:10442 imb:1760 pmb:7188 smb:5452 d:- ref:0 ;
in:120 out:120 type:B dur:2 cpbdur:2 q:37.61 aq:36.68 tex:28187 mv:22913 misc:8092 imb:116 pmb:2253 smb:12031 d:- ref:0 ;
in:119 out:121 type:b dur:2 cpbdur:2 q:37.64 aq:36.87 tex:6249 mv:2802 misc:3797 imb:17 pmb:842 smb:13541 d:- ref:0 ;
in:121 out:122 type:b dur:2 cpbdur:2 q:37.59 aq:37.10 tex:7602 mv:8031 misc:4543 imb:36 pmb:1028 smb:13336 d:- ref:0 ;
in:124 out:123 type:P dur:2 cpbdur:2 q:37.62 aq:30.90 tex:352308 mv:43758 misc:11366 imb:680 pmb:6207 smb:7513 d:- ref:0 ;
in:123 out:124 type:b dur:2 cpbdur:2 q:37.59 aq:36.20 tex:5194 mv:3806 misc:4448 imb:17 pmb:1016 smb:13367 d:- ref:0 ;
in:126 out:125 type:P dur:2 cpbdur:2 q:37.68 aq:30.95 tex:86567 mv:14419 misc:10198 imb:205 pmb:3219 smb:10976 d:- ref:0 ;
in:125 out:126 type:b dur:2 cpbdur:2 q:37.65 aq:36.83 tex:1929 mv:1442 misc:1445 imb:2 pmb:197 smb:14201 d:- ref:0 ;
in:130 out:127 type:P dur:2 cpbdur:2 q:37.56 aq:29.19 tex:256420 mv:41506 misc:13442 imb:1849 pmb:6528 smb:6023 d:- ref:0 ;
in:128 out:128 type:B dur:2 cpbdur:2 q:37.62 aq:32.25 tex:9841 mv:7900 misc:3171 imb:60 pmb:815 smb:13525 d:- ref:0 ;
in:127 out:129 type:b dur:2 cpbdur:2 q:37.65 aq:33.59 tex:3022 mv:2206 misc:1868 imb:7 pmb:269 smb:14124 d:- ref:0 ;
in:129 out:130 type:b dur:2 cpbdur:2 q:37.59 aq:33.55 tex:3371 mv:2950 misc:1943 imb:10 pmb:363 smb:14027 d:- ref:0 ;
in:132 out:131 type:P dur:2 cpbdur:2 q:37.70 aq:29.45 tex:101441 mv:20236 misc:9987 imb:498 pmb:3197 smb:10705 d:- ref:0 ;
in:131 out:132 type:b dur:2 cpbdur:2 q:37.63 aq:33.95 tex:3337 mv:4943 misc:2304 imb:16 pmb:495 smb:13889 d:- ref:0 ;
in:136 out:133 type:P dur:2 cpbdur:2 q:37.65 aq:29.96 tex:66096 mv:17251 misc:6709 imb:571 pmb:1973 smb:11856 d:- ref:0 ;
in:134 out:134 type:B dur:2 cpbdur:2 q:37.68 aq:33.42 tex:4832 mv:5139 misc:2533 imb:26 pmb:583 smb:13791 d:- ref:0 ;
in:133 out:135 type:b dur:2 cpbdur:2 q:37.69 aq:37.42 tex:133 mv:334 misc:1349 imb:0 pmb:157 smb:14243 d:- ref:0 ;
in:135 out:136 type:b dur:2 cpbdur:2 q:37.66 aq:30.81 tex:323 mv:728 misc:2029 imb:8 pmb:406 smb:13986 d:- ref:0 ;
in:140 out:137 type:P dur:2 cpbdur:2 q:38.15 aq:31.27 tex:58629 mv:18848 misc:5467 imb:727 pmb:1700 smb:11973 d:- ref:0 ;
in:138 out:138 type:B dur:2 cpbdur:2 q:37.90 aq:32.05 tex:8241 mv:8485 misc:2930 imb:45 pmb:805 smb:13550 d:- ref:0 ;
in:137 out:139 type:b dur:2 cpbdur:2 q:37.78 aq:34.01 tex:4309 mv:4103 misc:2300 imb:7 pmb:454 smb:13939 d:- ref:0 ;
in:139 out:140 type:b dur:2 cpbdur:2 q:38.03 aq:35.95 tex:4448 mv:4738 misc:2518 imb:33 pmb:595 smb:13772 d:- ref:0 ;
in:144 out:141 type:P dur:2 cpbdur:2 q:38.39 aq:29.78 tex:316434 mv:51602 misc:11940 imb:2939 pmb:6403 smb:5058 d:- ref:0 ;
in:142 out:142 type:B dur:2 cpbdur:2 q:38.27 aq:32.13 tex:9198 mv:8530 misc:3128 imb:66 pmb:803 smb:13531 d:- ref:0 ;
in:141 out:143 type:b dur:2 cpbdur:2 q:38.21 aq:34.30 tex:3309 mv:3750 misc:2085 imb:19 pmb:414 smb:13967 d:- ref:0 ;
in:143 out:144 type:b dur:2 cpbdur:2 q:38.33 aq:34.17 tex:3053 mv:3163 misc:1848 imb:15 pmb:303 smb:14082 d:- ref:0 ;
in:148 out:145 type:P dur:2 cpbdur:2 q:38.87 aq:30.79 tex:62960 mv:16948 misc:6924 imb:600 pmb:1943 smb:11857 d:- ref:0 ;
in:146 out:146 type:B dur:2 cpbdur:2 q:38.63 aq:33.58 tex:5404 mv:7568 misc:2668 imb:38 pmb:724 smb:13638 d:- ref:0 ;
in:145 out:147 type:b dur:2 cpbdur:2 q:38.51 aq:37.46 tex:1539 mv:2140 misc:1657 imb:4 pmb:246 smb:14150 d:- ref:0 ;
in:147 out:148 type:b dur:2 cpbdur:2 q:38.75 aq:34.85 tex:2035 mv:5117 misc:2368 imb:31 pmb:535 smb:13834 d:- ref:0 ;
in:152 out:149 type:P dur:2 cpbdur:2 q:38.67 aq:31.13 tex:58628 mv:14940 misc:6704 imb:625 pmb:1880 smb:11895 d:- ref:0 ;
in:150 out:150 type:B dur:2 cpbdur:2 q:38.77 aq:30.72 tex:6789 mv:6719 misc:2676 imb:48 pmb:696 smb:13656 d:- ref:0 ;
in:149 out:151 type:b dur:2 cpbdur:2 q:38.82 aq:39.57 tex:1252 mv:1482 misc:1386 imb:3 pmb:193 smb:14204 d:- ref:0 ;
in:151 out:152 type:b dur:2 cpbdur:2 q:38.72 aq:37.32 tex:3316 mv:2228 misc:1672 imb:5 pmb:270 smb:14125 d:- ref:0 ;
in:156 out:153 type:P dur:2 cpbdur:2 q:38.44 aq:31.73 tex:71948 mv:15782 misc:7726 imb:671 pmb:2406 smb:11323 d:- ref:0 ;
in:154 out:154 type:B dur:2 cpbdur:2 q:38.56 aq:31.87 tex:12687 mv:8268 misc:2565 imb:74 pmb:762 smb:13564 d:- ref:0 ;
in:153 out:155 type:b dur:2 cpbdur:2 q:38.61 aq:39.36 tex:6233 mv:3318 misc:1817 imb:33 pmb:327 smb:14040 d:- ref:0 ;
in:155 out:156 type:b dur:2 cpbdur:2 q:38.50 aq:34.19 tex:6892 mv:4094 misc:1846 imb:30 pmb:380 smb:13990 d:- ref:0 ;
in:158 out:157 type:P dur:2 cpbdur:2 q:38.21 aq:31.50 tex:61496 mv:11901 misc:7939 imb:371 pmb:2189 smb:11840 d:- ref:0 ;
in:157 out:158 type:b dur:2 cpbdur:2 q:38.33 aq:32.13 tex:5716 mv:2066 misc:1450 imb:22 pmb:212 smb:14166 d:- ref:0 ;
in:162 out:159 type:P dur:2 cpbdur:2 q:38.38 aq:30.33 tex:106315 mv:23612 misc:11001 imb:1236 pmb:3387 smb:9777 d:- ref:0 ;
in:160 out:160 type:B dur:2 cpbdur:2 q:38.29 aq:30.66 tex:17634 mv:7975 misc:2799 imb:74 pmb:797 smb:13529 d:- ref:0 ;
in:159 out:161 type:b dur:2 cpbdur:2 q:38.25 aq:33.42 tex:6255 mv:3385 misc:1944 imb:24 pmb:378 smb:13998 d:- ref:0 ;
in:161 out:162 type:b dur:2 cpbdur:2 q:38.34 aq:34.69 tex:251 mv:658 misc:1747 imb:0 pmb:281 smb:14119 d:- ref:0 ;
in:166 out:163 type:P dur:2 cpbdur:2 q:38.22 aq:30.86 tex:223092 mv:36437 misc:9191 imb:2940 pmb:3202 smb:8258 d:- ref:0 ;
in:164 out:164 type:B dur:2 cpbdur:2 q:38.30 aq:33.05 tex:10280 mv:8246 misc:3354 imb:96 pmb:921 smb:13383 d:- ref:0 ;
in:163 out:165 type:b dur:2 cpbdur:2 q:38.34 aq:33.31 tex:3204 mv:1871 misc:1597 imb:4 pmb:233 smb:14163 d:- ref:0 ;
in:165 out:166 type:b dur:2 cpbdur:2 q:38.26 aq:37.54 tex:15784 mv:12708 misc:3236 imb:230 pmb:948 smb:13222 d:- ref:0 ;
in:170 out:167 type:P dur:2 cpbdur:2 q:38.06 aq:30.78 tex:107082 mv:23148 misc:8762 imb:963 pmb:2722 smb:10715 d:- ref:0 ;
in:168 out:168 type:B dur:2 cpbdur:2 q:38.14 aq:33.12 tex:17611 mv:11523 misc:3338 imb:90 pmb:1123 smb:13187 d:- ref:0 ;
in:167 out:169 type:b dur:2 cpbdur:2 q:38.18 aq:31.89 tex:9255 mv:7774 misc:2739 imb:36 pmb:718 smb:13646 d:- ref:0 ;
in:169 out:170 type:b dur:2 cpbdur:2 q:38.10 aq:34.11 tex:8088 mv:6347 misc:2541 imb:38 pmb:624 smb:13738 d:- ref:0 ;
in:174 out:171 type:P dur:2 cpbdur:2 q:37.93 aq:30.58 tex:471426 mv:69205 misc:10257 imb:2581 pmb:7011 smb:4808 d:- ref:0 ;
in:172 out:172 type:B dur:2 cpbdur:2 q:37.99 aq:36.88 tex:34641 mv:25076 misc:7243 imb:189 pmb:2171 smb:12040 d:- ref:0 ;
in:171 out:173 type:b dur:2 cpbdur:2 q:38.02 aq:34.07 tex:15033 mv:11586 misc:5677 imb:125 pmb:1613 smb:12662 d:- ref:0 ;
in:173 out:174 type:b dur:2 cpbdur:2 q:37.96 aq:35.52 tex:10406 mv:9757 misc:5085 imb:58 pmb:1209 smb:13133 d:- ref:0 ;
in:178 out:175 type:P dur:2 cpbdur:2 q:38.02 aq:31.28 tex:108707 mv:22103 misc:7582 imb:908 pmb:2483 smb:11009 d:- ref:0 ;
in:176 out:176 type:B dur:2 cpbdur:2 q:37.97 aq:34.71 tex:26275 mv:12365 misc:3152 imb:112 pmb:1070 smb:13218 d:- ref:0 ;
in:175 out:177 type:b dur:2 cpbdur:2 q:37.95 aq:35.19 tex:561 mv:1220 misc:2283 imb:6 pmb:452 smb:13942 d:- ref:0 ;
in:177 out:178 type:b dur:2 cpbdur:2 q:38.00 aq:35.32 tex:884 mv:951 misc:2301 imb:9 pmb:462 smb:13929 d:- ref:0 ;
in:180 out:179 type:P dur:2 cpbdur:2 q:37.84 aq:31.47 tex:81860 mv:18274 misc:6402 imb:606 pmb:2064 smb:11730 d:- ref:0 ;
in:179 out:180 type:b dur:2 cpbdur:2 q:37.93 aq:37.97 tex:11438 mv:7253 misc:2525 imb:48 pmb:638 smb:13714 d:- ref:0 ;
in:184 out:181 type:P dur:2 cpbdur:2 q:37.96 aq:31.89 tex:53660 mv:17790 misc:6678 imb:644 pmb:1759 smb:11997 d:- ref:0 ;
in:182 out:182 type:B dur:2 cpbdur:2 q:37.90 aq:34.94 tex:13981 mv:11775 misc:3396 imb:104 pmb:1007 smb:13289 d:- ref:0 ;
in:181 out:183 type:b dur:2 cpbdur:2 q:37.87 aq:36.28 tex:496 mv:1073 misc:2255 imb:4 pmb:439 smb:13957 d:- ref:0 ;
in:183 out:184 type:b dur:2 cpbdur:2 q:37.93 aq:35.40 tex:5743 mv:6473 misc:2760 imb:33 pmb:675 smb:13692 d:- ref:0 ;
in:188 out:185 type:P dur:2 cpbdur:2 q:37.85 aq:33.00 tex:99855 mv:18865 misc:3736 imb:2259 pmb:813 smb:11328 d:- ref:0 ;
in:186 out:186 type:B dur:2 cpbdur:2 q:37.90 aq:34.71 tex:27010 mv:14076 misc:3810 imb:211 pmb:1242 smb:12947 d:- ref:0 ;
in:185 out:187 type:b dur:2 cpbdur:2 q:37.93 aq:37.97 tex:7241 mv:7044 misc:2859 imb:34 pmb:723 smb:13643 d:- ref:0 ;
in:187 out:188 type:b dur:2 cpbdur:2 q:37.88 aq:34.21 tex:11591 mv:9036 misc:3341 imb:111 pmb:855 smb:13434 d:- ref:0 ;
in:189 out:189 type:P dur:2 cpbdur:2 q:38.21 aq:35.98 tex:97967 mv:23661 misc:4068 imb:2834 pmb:1139 smb:10427 d:- ref:0 ;
in:191 out:190 type:P dur:2 cpbdur:2 q:38.26 aq:34.03 tex:287945 mv:54731 misc:5804 imb:6815 pmb:2410 smb:5175 d:- ref:0 ;
in:190 out:191 type:b dur:2 cpbdur:2 q:38.23 aq:36.66 tex:2856 mv:1603 misc:4069 imb:21 pmb:976 smb:13403 d:- ref:0 ;
in:192 out:192 type:P dur:2 cpbdur:2 q:38.36 aq:32.46 tex:306244 mv:54898 misc:7066 imb:6171 pmb:2966 smb:5263 d:- ref:0 ;
in:193 out:193 type:P dur:2 cpbdur:2 q:38.62 aq:32.10 tex:144621 mv:32449 misc:6362 imb:2927 pmb:1936 smb:9537 d:- ref:0 ;
in:196 out:194 type:P dur:2 cpbdur:2 q:38.68 aq:32.02 tex:164457 mv:34833 misc:6054 imb:3684 pmb:1884 smb:8832 d:- ref:0 ;
in:194 out:195 type:B dur:2 cpbdur:2 q:38.64 aq:34.98 tex:29851 mv:21169 misc:4972 imb:908 pmb:1537 smb:11955 d:- ref:0 ;
in:195 out:196 type:b dur:2 cpbdur:2 q:38.66 aq:35.59 tex:18261 mv:12936 misc:3275 imb:347 pmb:936 smb:13117 d:- ref:0 ;
in:198 out:197 type:P dur:2 cpbdur:2 q:38.65 aq:32.09 tex:105394 mv:24266 misc:7060 imb:1960 pmb:1749 smb:10691 d:- ref:0 ;
in:197 out:198 type:b dur:2 cpbdur:2 q:38.67 aq:36.38 tex:9814 mv:7615 misc:3171 imb:160 pmb:723 smb:13517 d:- ref:0 ;
in:200 out:199 type:P dur:2 cpbdur:2 q:38.61 aq:31.86 tex:116900 mv:29764 misc:8272 imb:2719 pmb:2421 smb:9260 d:- ref:0 ;
in:199 out:200 type:b dur:2 cpbdur:2 q:38.63 aq:34.79 tex:9570 mv:7385 misc:2541 imb:125 pmb:604 smb:13671 d:- ref:0 ;
in:204 out:201 type:P dur:2 cpbdur:2 q:38.56 aq:30.76 tex:200201 mv:43693 misc:10858 imb:4135 pmb:3845 smb:6420 d:- ref:0 ;
in:202 out:202 type:B dur:2 cpbdur:2 q:38.59 aq:30.80 tex:20700 mv:9768 misc:3500 imb:294 pmb:857 smb:13249 d:- ref:0 ;
in:201 out:203 type:b dur:2 cpbdur:2 q:38.60 aq:35.14 tex:5934 mv:4573 misc:2101 imb:56 pmb:413 smb:13931 d:- ref:0 ;
in:203 out:204 type:b dur:2 cpbdur:2 q:38.57 aq:33.11 tex:8100 mv:5150 misc:2198 imb:97 pmb:477 smb:13826 d:- ref:0 ;
in:208 out:205 type:P dur:2 cpbdur:2 q:38.56 aq:31.16 tex:90386 mv:25603 misc:8483 imb:2589 pmb:2361 smb:9450 d:- ref:0 ;
in:206 out:206 type:B dur:2 cpbdur:2 q:38.56 aq:31.11 tex:17550 mv:6053 misc:2509 imb:305 pmb:481 smb:13614 d:- ref:0 ;
in:205 out:207 type:b dur:2 cpbdur:2 q:38.56 aq:33.33 tex:10612 mv:5760 misc:2220 imb:172 pmb:458 smb:13770 d:- ref:0 ;
in:207 out:208 type:b dur:2 cpbdur:2 q:38.56 aq:32.14 tex:774 mv:493 misc:1573 imb:10 pmb:220 smb:14170 d:- ref:0 ;
in:210 out:209 type:P dur:2 cpbdur:2 q:38.61 aq:30.92 tex:76167 mv:24198 misc:10019 imb:2365 pmb:2432 smb:9603 d:- ref:0 ;
in:209 out:210 type:b dur:2 cpbdur:2 q:38.59 aq:31.36 tex:3766 mv:3189 misc:1917 imb:172 pmb:271 smb:13957 d:- ref:0 ;
in:214 out:211 type:P dur:2 cpbdur:2 q:38.93 aq:31.71 tex:250638 mv:60166 misc:10716 imb:3685 pmb:5061 smb:5654 d:- ref:0 ;
in:212 out:212 type:B dur:2 cpbdur:2 q:38.77 aq:32.49 tex:11494 mv:14728 misc:6498 imb:311 pmb:1456 smb:12633 d:- ref:0 ;
in:211 out:213 type:b dur:2 cpbdur:2 q:38.69 aq:31.59 tex:2667 mv:4731 misc:4458 imb:189 pmb:841 smb:13370 d:- ref:0 ;
in:213 out:214 type:b dur:2 cpbdur:2 q:38.85 aq:34.67 tex:2596 mv:2649 misc:2107 imb:98 pmb:236 smb:14066 d:- ref:0 ;
in:216 out:215 type:P dur:2 cpbdur:2 q:39.20 aq:32.15 tex:137362 mv:25553 misc:10885 imb:828 pmb:3684 smb:9888 d:- ref:0 ;
in:215 out:216 type:b dur:2 cpbdur:2 q:39.07 aq:33.98 tex:1013 mv:1341 misc:1262 imb:51 pmb:106 smb:14243 d:- ref:0 ;
in:220 out:217 type:P dur:2 cpbdur:2 q:39.30 aq:31.90 tex:90926 mv:21976 misc:10642 imb:1345 pmb:2709 smb:10346 d:- ref:0 ;
in:218 out:218 type:B dur:2 cpbdur:2 q:39.25 aq:35.56 tex:7098 mv:4035 misc:2731 imb:164 pmb:385 smb:13851 d:- ref:0 ;
in:217 out:219 type:b dur:2 cpbdur:2 q:39.23 aq:35.59 tex:1847 mv:1837 misc:1476 imb:82 pmb:138 smb:14180 d:- ref:0 ;
in:219 out:220 type:b dur:2 cpbdur:2 q:39.27 aq:31.54 tex:611 mv:919 misc:998 imb:48 pmb:59 smb:14293 d:- ref:0 ;
in:224 out:221 type:P dur:2 cpbdur:2 q:39.33 aq:31.11 tex:219054 mv:48720 misc:11978 imb:2580 pmb:5022 smb:6798 d:- ref:0 ;
in:222 out:222 type:B dur:2 cpbdur:2 q:39.31 aq:34.24 tex:5429 mv:5626 misc:3121 imb:90 pmb:516 smb:13794 d:- ref:0 ;
in:221 out:223 type:b dur:2 cpbdur:2 q:39.31 aq:34.36 tex:700 mv:806 misc:1054 imb:32 pmb:56 smb:14312 d:- ref:0 ;
in:223 out:224 type:b dur:2 cpbdur:2 q:39.32 aq:39.35 tex:803 mv:961 misc:1188 imb:17 pmb:101 smb:14282 d:- ref:0 ;
in:228 out:225 type:P dur:2 cpbdur:2 q:39.36 aq:30.98 tex:239236 mv:46023 misc:11629 imb:2069 pmb:5013 smb:7318 d:- ref:0 ;
in:226 out:226 type:B dur:2 cpbdur:2 q:39.34 aq:34.55 tex:10409 mv:8286 misc:3873 imb:166 pmb:736 smb:13498 d:- ref:0 ;
in:225 out:227 type:b dur:2 cpbdur:2 q:39.34 aq:32.78 tex:671 mv:1168 misc:1713 imb:28 pmb:217 smb:14155 d:- ref:0 ;
in:227 out:228 type:b dur:2 cpbdur:2 q:39.35 aq:33.77 tex:1257 mv:1460 misc:1427 imb:41 pmb:148 smb:14211 d:- ref:0 ;
in:230 out:229 type:P dur:2 cpbdur:2 q:39.51 aq:31.25 tex:86685 mv:16868 misc:10327 imb:731 pmb:2703 smb:10966 d:- ref:0 ;
in:229 out:230 type:b dur:2 cpbdur:2 q:39.43 aq:29.50 tex:343 mv:358 misc:979 imb:7 pmb:60 smb:14333 d:- ref:0 ;
in:232 out:231 type:P dur:2 cpbdur:2 q:39.43 aq:31.20 tex:65309 mv:14387 misc:9448 imb:836 pmb:2003 smb:11561 d:- ref:0 ;
in:231 out:232 type:b dur:2 cpbdur:2 q:39.47 aq:29.64 tex:512 mv:867 misc:1109 imb:38 pmb:87 smb:14275 d:- ref:0 ;
in:234 out:233 type:P dur:2 cpbdur:2 q:39.42 aq:31.40 tex:37413 mv:10072 misc:7275 imb:610 pmb:1256 smb:12534 d:- ref:0 ;
in:233 out:234 type:b dur:2 cpbdur:2 q:39.43 aq:33.71 tex:382 mv:307 misc:975 imb:8 pmb:55 smb:14337 d:- ref:0 ;
in:236 out:235 type:P dur:2 cpbdur:2 q:39.37 aq:31.84 tex:25855 mv:7196 misc:5341 imb:437 pmb:829 smb:13134 d:- ref:0 ;
in:235 out:236 type:b dur:2 cpbdur:2 q:39.40 aq:28.92 tex:336 mv:448 misc:1128 imb:13 pmb:101 smb:14286 d:- ref:0 ;
in:238 out:237 type:P dur:2 cpbdur:2 q:39.25 aq:31.65 tex:90239 mv:21229 misc:10356 imb:1313 pmb:2637 smb:10450 d:- ref:0 ;
in:237 out:238 type:b dur:2 cpbdur:2 q:39.31 aq:32.12 tex:1322 mv:2213 misc:1641 imb:83 pmb:213 smb:14104 d:- ref:0 ;
in:240 out:239 type:P dur:2 cpbdur:2 q:39.36 aq:31.54 tex:53152 mv:12855 misc:7953 imb:920 pmb:1600 smb:11880 d:- ref:0 ;
in:239 out:240 type:b dur:2 cpbdur:2 q:39.30 aq:31.12 tex:1015 mv:1240 misc:1193 imb:56 pmb:92 smb:14252 d:- ref:0 ;
in:242 out:241 type:P dur:2 cpbdur:2 q:39.25 aq:31.35 tex:80999 mv:17040 misc:10289 imb:1032 pmb:2484 smb:10884 d:- ref:0 ;
in:241 out:242 type:b dur:2 cpbdur:2 q:39.31 aq:33.30 tex:976 mv:977 misc:1367 imb:26 pmb:132 smb:14242 d:- ref:0 ;
in:244 out:243 type:P dur:2 cpbdur:2 q:39.38 aq:31.34 tex:243723 mv:50258 misc:12179 imb:2035 pmb:5272 smb:7093 d:- ref:0 ;
in:243 out:244 type:b dur:2 cpbdur:2 q:39.32 aq:33.07 tex:1204 mv:1976 misc:3588 imb:41 pmb:700 smb:13659 d:- ref:0 ;
in:246 out:245 type:P dur:2 cpbdur:2 q:39.40 aq:31.83 tex:125663 mv:17964 misc:9181 imb:1393 pmb:2203 smb:10804 d:- ref:0 ;
in:245 out:246 type:b dur:2 cpbdur:2 q:39.39 aq:33.82 tex:999 mv:1444 misc:1501 imb:35 pmb:199 smb:14166 d:- ref:0 ;
in:248 out:247 type:P dur:2 cpbdur:2 q:39.39 aq:31.88 tex:49115 mv:9062 misc:6983 imb:587 pmb:1467 smb:12346 d:- ref:0 ;
in:247 out:248 type:b dur:2 cpbdur:2 q:39.40 aq:34.27 tex:2190 mv:2385 misc:1825 imb:92 pmb:260 smb:14048 d:- ref:0 ;
in:249 out:249 type:P dur:2 cpbdur:2 q:39.34 aq:34.59 tex:11546 mv:5963 misc:2427 imb:785 pmb:351 smb:13264 d:- ref:0 ;
in:250 out:250 type:I dur:2 cpbdur:2 q:36.29 aq:28.75 tex:1660005 mv:291974 misc:581 imb:14400 pmb:0 smb:0 d:- ref:;
in:252 out:251 type:P dur:2 cpbdur:2 q:40.32 aq:34.67 tex:23763 mv:5796 misc:3529 imb:511 pmb:589 smb:13300 d:- ref:0 ;
in:251 out:252 type:b dur:2 cpbdur:2 q:40.32 aq:37.09 tex:4140 mv:2065 misc:1491 imb:113 pmb:195 smb:14092 d:- ref:0 ;
in:254 out:253 type:P dur:2 cpbdur:2 q:40.24 aq:34.46 tex:33716 mv:7787 misc:4225 imb:557 pmb:810 smb:13033 d:- ref:0 ;
in:253 out:254 type:b dur:2 cpbdur:2 q:40.28 aq:37.33 tex:6802 mv:4027 misc:1627 imb:211 pmb:276 smb:13913 d:- ref:0 ;
in:258 out:255 type:P dur:2 cpbdur:2 q:40.22 aq:32.30 tex:153570 mv:31496 misc:10254 imb:1098 pmb:3575 smb:9727 d:- ref:0 ;
in:256 out:256 type:B dur:2 cpbdur:2 q:40.23 aq:37.89 tex:15530 mv:10249 misc:4293 imb:461 pmb:912 smb:13027 d:- ref:0 ;
in:255 out:257 type:b dur:2 cpbdur:2 q:40.24 aq:39.98 tex:5163 mv:3774 misc:3615 imb:64 pmb:808 smb:13528 d:- ref:0 ;
in:257 out:258 type:b dur:2 cpbdur:2 q:40.22 aq:39.91 tex:4866 mv:4517 misc:2089 imb:114 pmb:427 smb:13859 d:- ref:0 ;
in:262 out:259 type:P dur:2 cpbdur:2 q:40.21 aq:31.05 tex:84597 mv:20927 misc:10436 imb:1637 pmb:2309 smb:10454 d:- ref:0 ;
in:260 out:260 type:B dur:2 cpbdur:2 q:40.21 aq:32.39 tex:4465 mv:4017 misc:2126 imb:73 pmb:427 smb:13900 d:- ref:0 ;
in:259 out:261 type:b dur:2 cpbdur:2 q:40.22 aq:39.75 tex:3184 mv:4505 misc:1639 imb:64 pmb:377 smb:13959 d:- ref:0 ;
in:261 out:262 type:b dur:2 cpbdur:2 q:40.21 aq:34.56 tex:351 mv:530 misc:1263 imb:5 pmb:168 smb:14227 d:- ref:0 ;
in:266 out:263 type:P dur:2 cpbdur:2 q:40.35 aq:35.54 tex:61201 mv:10783 misc:4976 imb:996 pmb:985 smb:12419 d:- ref:0 ;
in:264 out:264 type:B dur:2 cpbdur:2 q:40.28 aq:38.16 tex:5905 mv:5976 misc:2207 imb:144 pmb:537 smb:13719 d:- ref:0 ;
in:263 out:265 type:b dur:2 cpbdur:2 q:40.24 aq:39.47 tex:12593 mv:6963 misc:1908 imb:310 pmb:493 smb:13597 d:- ref:0 ;
in:265 out:266 type:b dur:2 cpbdur:2 q:40.31 aq:39.53 tex:457 mv:490 misc:1541 imb:2 pmb:257 smb:14141 d:- ref:0 ;
in:268 out:267 type:P dur:2 cpbdur:2 q:40.17 aq:35.85 tex:48148 mv:11536 misc:5052 imb:793 pmb:1164 smb:12443 d:- ref:0 ;
in:267 out:268 type:b dur:2 cpbdur:2 q:40.26 aq:39.57 tex:4464 mv:5972 misc:1996 imb:125 pmb:466 smb:13809 d:- ref:0 ;
in:269 out:269 type:P dur:2 cpbdur:2 q:40.75 aq:36.47 tex:19830 mv:8240 misc:4066 imb:289 pmb:830 smb:13281 d:- ref:0 ;
in:273 out:270 type:P dur:2 cpbdur:2 q:40.70 aq:35.54 tex:49193 mv:10433 misc:5038 imb:756 pmb:942 smb:12702 d:- ref:0 ;
in:271 out:271 type:B dur:2 cpbdur:2 q:40.73 aq:39.72 tex:11184 mv:7801 misc:2335 imb:141 pmb:673 smb:13586 d:- ref:0 ;
in:270 out:272 type:b dur:2 cpbdur:2 q:40.74 aq:39.54 tex:202 mv:513 misc:1517 imb:10 pmb:235 smb:14155 d:- ref:0 ;
in:272 out:273 type:b dur:2 cpbdur:2 q:40.72 aq:40.62 tex:4722 mv:5976 misc:1998 imb:92 pmb:495 smb:13813 d:- ref:0 ;
in:274 out:274 type:P dur:2 cpbdur:2 q:40.63 aq:35.82 tex:20711 mv:8119 misc:4394 imb:364 pmb:733 smb:13303 d:- ref:0 ;
in:276 out:275 type:P dur:2 cpbdur:2 q:40.58 aq:36.21 tex:77813 mv:17871 misc:6940 imb:1081 pmb:1767 smb:11552 d:- ref:0 ;
in:275 out:276 type:b dur:2 cpbdur:2 q:40.61 aq:41.35 tex:5775 mv:6665 misc:2296 imb:121 pmb:553 smb:13726 d:- ref:0 ;
in:277 out:277 type:P dur:2 cpbdur:2 q:40.52 aq:36.64 tex:19682 mv:7839 misc:4375 imb:293 pmb:767 smb:13340 d:- ref:0 ;
in:281 out:278 type:P dur:2 cpbdur:2 q:40.45 aq:37.19 tex:59913 mv:11628 misc:3107 imb:1444 pmb:588 smb:12368 d:- ref:0 ;
in:279 out:279 type:B dur:2 cpbdur:2 q:40.48 aq:39.35 tex:18680 mv:9574 misc:2442 imb:328 pmb:694 smb:13378 d:- ref:0 ;
in:278 out:280 type:b dur:2 cpbdur:2 q:40.50 aq:40.48 tex:9117 mv:7802 misc:2329 imb:187 pmb:634 smb:13579 d:- ref:0 ;
in:280 out:281 type:b dur:2 cpbdur:2 q:40.47 aq:40.50 tex:3331 mv:4443 misc:2194 imb:55 pmb:457 smb:13888 d:- ref:0 ;
in:285 out:282 type:P dur:2 cpbdur:2 q:40.26 aq:37.58 tex:78904 mv:13323 misc:4341 imb:1158 pmb:897 smb:12345 d:- ref:0 ;
in:283 out:283 type:B dur:2 cpbdur:2 q:40.35 aq:38.19 tex:9627 mv:8050 misc:2851 imb:174 pmb:707 smb:13519 d:- ref:0 ;
in:282 out:284 type:b dur:2 cpbdur:2 q:40.40 aq:39.90 tex:4706 mv:6288 misc:2350 imb:88 pmb:598 smb:13714 d:- ref:0 ;
in:284 out:285 type:b dur:2 cpbdur:2 q:40.31 aq:39.42 tex:2440 mv:3561 misc:2031 imb:34 pmb:396 smb:13970 d:- ref:0 ;
in:289 out:286 type:P dur:2 cpbdur:2 q:40.13 aq:38.56 tex:83372 mv:39171 misc:9377 imb:2525 pmb:2241 smb:9634 d:- ref:0 ;
in:287 out:287 type:B dur:2 cpbdur:2 q:40.19 aq:38.90 tex:14800 mv:21701 misc:8435 imb:220 pmb:2326 smb:11854 d:- ref:0 ;
in:286 out:288 type:b dur:2 cpbdur:2 q:40.23 aq:35.00 tex:650 mv:2107 misc:3627 imb:8 pmb:770 smb:13622 d:- ref:0 ;
in:288 out:289 type:b dur:2 cpbdur:2 q:40.16 aq:38.20 tex:22986 mv:31562 misc:8708 imb:603 pmb:2426 smb:11371 d:- ref:0 ;
in:290 out:290 type:P dur:2 cpbdur:2 q:40.08 aq:39.23 tex:391477 mv:67611 misc:4048 imb:11344 pmb:1341 smb:1715 d:- ref:0 ;
in:291 out:291 type:P dur:2 cpbdur:2 q:40.13 aq:38.45 tex:316270 mv:67240 misc:3946 imb:11601 pmb:1319 smb:1480 d:- ref:0 ;
in:292 out:292 type:P dur:2 cpbdur:2 q:40.18 aq:37.64 tex:336229 mv:69469 misc:3174 imb:12017 pmb:1306 smb:1077 d:- ref:0 ;
in:293 out:293 type:P dur:2 cpbdur:2 q:40.26 aq:37.65 tex:316121 mv:72597 misc:4714 imb:10819 pmb:1609 smb:1972 d:- ref:0 ;
in:294 out:294 type:P dur:2 cpbdur:2 q:40.28 aq:37.26 tex:289924 mv:76594 misc:6058 imb:9772 pmb:2129 smb:2499 d:- ref:0 ;
in:296 out:295 type:P dur:2 cpbdur:2 q:40.32 aq:35.01 tex:466904 mv:83442 misc:4446 imb:10638 pmb:2004 smb:1758 d:- ref:0 ;
in:295 out:296 type:b dur:2 cpbdur:2 q:40.30 aq:38.44 tex:39251 mv:37860 misc:10241 imb:867 pmb:2951 smb:10582 d:- ref:0 ;
in:298 out:297 type:P dur:2 cpbdur:2 q:40.42 aq:35.12 tex:110041 mv:51415 misc:10696 imb:3103 pmb:3279 smb:8018 d:- ref:0 ;
in:297 out:298 type:b dur:2 cpbdur:2 q:40.37 aq:37.74 tex:17468 mv:29850 misc:9066 imb:438 pmb:2579 smb:11383 d:- ref:0 ;
in:300 out:299 type:P dur:2 cpbdur:2 q:40.39 aq:36.11 tex:96311 mv:42711 misc:10138 imb:2315 pmb:2999 smb:9086 d:- ref:0 ;
in:299 out:300 type:b dur:2 cpbdur:2 q:40.40 aq:38.84 tex:15047 mv:23699 misc:8438 imb:383 pmb:2285 smb:11732 d:- ref:0 ;
in:302 out:301 type:P dur:2 cpbdur:2 q:40.40 aq:35.17 tex:130753 mv:59335 misc:10680 imb:3791 pmb:3366 smb:7243 d:- ref:0 ;
in:301 out:302 type:b dur:2 cpbdur:2 q:40.39 aq:37.33 tex:20411 mv:33481 misc:10108 imb:675 pmb:2903 smb:10822 d:- ref:0 ;
in:305 out:303 type:P dur:2 cpbdur:2 q:40.36 aq:35.93 tex:225167 mv:69890 misc:6983 imb:8781 pmb:1972 smb:3647 d:- ref:0 ;
in:303 out:304 type:B dur:2 cpbdur:2 q:40.39 aq:35.99 tex:44852 mv:44963 misc:11801 imb:1081 pmb:3547 smb:9772 d:- ref:0 ;
in:304 out:305 type:b dur:2 cpbdur:2 q:40.37 aq:38.47 tex:780 mv:863 misc:1565 imb:21 pmb:219 smb:14160 d:- ref:0 ;
in:306 out:306 type:P dur:2 cpbdur:2 q:40.34 aq:35.72 tex:184393 mv:60850 misc:8829 imb:7089 pmb:2067 smb:5244 d:- ref:0 ;
in:308 out:307 type:P dur:2 cpbdur:2 q:40.37 aq:35.75 tex:197301 mv:65850 misc:7329 imb:8614 pmb:1888 smb:3898 d:- ref:0 ;
in:307 out:308 type:b dur:2 cpbdur:2 q:40.35 aq:37.20 tex:63456 mv:52692 misc:11500 imb:1947 pmb:3706 smb:8747 d:- ref:0 ;
in:309 out:309 type:P dur:2 cpbdur:2 q:40.94 aq:36.81 tex:137973 mv:54458 misc:8881 imb:6327 pmb:1891 smb:6182 d:- ref:0 ;
in:310 out:310 type:P dur:2 cpbdur:2 q:41.26 aq:36.55 tex:176588 mv:62000 misc:7660 imb:8268 pmb:1851 smb:4281 d:- ref:0 ;
in:311 out:311 type:P dur:2 cpbdur:2 q:41.58 aq:37.48 tex:135734 mv:54307 misc:8607 imb:6498 pmb:1980 smb:5922 d:- ref:0 ;
in:312 out:312 type:P dur:2 cpbdur:2 q:41.87 aq:37.22 tex:122218 mv:51589 misc:8449 imb:6874 pmb:1727 smb:5799 d:- ref:0 ;
in:313 out:313 type:P dur:2 cpbdur:2 q:42.28 aq:37.88 tex:112631 mv:49360 misc:8921 imb:6719 pmb:1659 smb:6022 d:- ref:0 ;
in:314 out:314 type:P dur:2 cpbdur:2 q:42.34 aq:37.04 tex:139989 mv:54865 misc:8610 imb:7857 pmb:1820 smb:4723 d:- ref:0 ;
in:317 out:315 type:P dur:2 cpbdur:2 q:42.48 aq:38.00 tex:146409 mv:54207 misc:8840 imb:7185 pmb:1880 smb:5335 d:- ref:0 ;
in:315 out:316 type:B dur:2 cpbdur:2 q:42.39 aq:38.91 tex:40553 mv:42106 misc:10637 imb:1521 pmb:2902 smb:9977 d:- ref:0 ;
in:316 out:317 type:b dur:2 cpbdur:2 q:42.43 aq:37.90 tex:44273 mv:38844 misc:10563 imb:1513 pmb:2788 smb:10099 d:- ref:0 ;
in:318 out:318 type:P dur:2 cpbdur:2 q:42.56 aq:38.32 tex:154827 mv:52912 misc:8461 imb:7401 pmb:1892 smb:5107 d:- ref:0 ;
in:320 out:319 type:P dur:2 cpbdur:2 q:42.69 aq:37.56 tex:188332 mv:61642 misc:7658 imb:8761 pmb:2147 smb:3492 d:- ref:0 ;
in:319 out:320 type:b dur:2 cpbdur:2 q:42.63 aq:39.56 tex:66737 mv:52762 misc:10933 imb:2507 pmb:3273 smb:8620 d:- ref:0 ;
in:322 out:321 type:P dur:2 cpbdur:2 q:42.92 aq:36.16 tex:297101 mv:77783 misc:7404 imb:8188 pmb:3241 smb:2971 d:- ref:0 ;
in:321 out:322 type:b dur:2 cpbdur:2 q:42.81 aq:40.21 tex:28943 mv:34896 misc:10305 imb:1047 pmb:2711 smb:10642 d:- ref:0 ;
in:326 out:323 type:P dur:2 cpbdur:2 q:43.03 aq:39.18 tex:49343 mv:32961 misc:10032 imb:1691 pmb:2217 smb:10492 d:- ref:0 ;
in:324 out:324 type:B dur:2 cpbdur:2 q:42.98 aq:41.28 tex:10219 mv:18199 misc:7918 imb:122 pmb:2181 smb:12097 d:- ref:0 ;
in:323 out:325 type:b dur:2 cpbdur:2 q:42.95 aq:41.90 tex:863 mv:2430 misc:3315 imb:9 pmb:612 smb:13779 d:- ref:0 ;
in:325 out:326 type:b dur:2 cpbdur:2 q:43.00 aq:41.35 tex:1293 mv:3041 misc:4386 imb:33 pmb:944 smb:13423 d:- ref:0 ;
in:328 out:327 type:P dur:2 cpbdur:2 q:43.45 aq:40.27 tex:109673 mv:47541 misc:9914 imb:5644 pmb:1832 smb:6924 d:- ref:0 ;
in:327 out:328 type:b dur:2 cpbdur:2 q:43.24 aq:41.11 tex:19292 mv:29944 misc:9036 imb:854 pmb:2266 smb:11280 d:- ref:0 ;
in:329 out:329 type:P dur:2 cpbdur:2 q:43.66 aq:39.80 tex:132838 mv:49425 misc:8905 imb:7070 pmb:1638 smb:5692 d:- ref:0 ;
in:333 out:330 type:P dur:2 cpbdur:2 q:43.78 aq:35.76 tex:485347 mv:85080 misc:5773 imb:8876 pmb:2934 smb:2590 d:- ref:0 ;
in:331 out:331 type:B dur:2 cpbdur:2 q:43.72 aq:40.80 tex:27543 mv:34720 misc:10513 imb:1080 pmb:2616 smb:10704 d:- ref:0 ;
in:330 out:332 type:b dur:2 cpbdur:2 q:43.69 aq:41.17 tex:45137 mv:48170 misc:11453 imb:2353 pmb:2832 smb:9215 d:- ref:0 ;
in:332 out:333 type:b dur:2 cpbdur:2 q:43.75 aq:44.67 tex:540 mv:1641 misc:3691 imb:5 pmb:768 smb:13627 d:- ref:0 ;
in:336 out:334 type:P dur:2 cpbdur:2 q:44.22 aq:38.05 tex:32522 mv:21101 misc:8505 imb:436 pmb:2305 smb:11659 d:- ref:0 ;
in:334 out:335 type:B dur:2 cpbdur:2 q:43.93 aq:46.15 tex:484 mv:2631 misc:2029 imb:14 pmb:319 smb:14067 d:- ref:0 ;
in:335 out:336 type:b dur:2 cpbdur:2 q:44.07 aq:44.22 tex:318 mv:1645 misc:1621 imb:7 pmb:212 smb:14181 d:- ref:0 ;
in:338 out:337 type:P dur:2 cpbdur:2 q:44.47 aq:38.23 tex:38144 mv:23071 misc:9249 imb:507 pmb:2395 smb:11498 d:- ref:0 ;
in:337 out:338 type:b dur:2 cpbdur:2 q:44.35 aq:40.21 tex:297 mv:1117 misc:2210 imb:10 pmb:355 smb:14035 d:- ref:0 ;
in:340 out:339 type:P dur:2 cpbdur:2 q:44.72 aq:38.83 tex:38571 mv:20405 misc:8624 imb:426 pmb:2328 smb:11646 d:- ref:0 ;
in:339 out:340 type:b dur:2 cpbdur:2 q:44.59 aq:46.06 tex:192 mv:570 misc:1174 imb:1 pmb:97 smb:14302 d:- ref:0 ;
in:342 out:341 type:P dur:2 cpbdur:2 q:44.72 aq:38.60 tex:10227 mv:8319 misc:4462 imb:266 pmb:824 smb:13310 d:- ref:0 ;
in:341 out:342 type:b dur:2 cpbdur:2 q:44.72 aq:47.12 tex:354 mv:967 misc:1311 imb:0 pmb:137 smb:14263 d:- ref:0 ;
in:344 out:343 type:P dur:2 cpbdur:2 q:44.65 aq:36.92 tex:7739 mv:7130 misc:3571 imb:218 pmb:641 smb:13541 d:- ref:0 ;
in:343 out:344 type:b dur:2 cpbdur:2 q:44.69 aq:44.04 tex:282 mv:1316 misc:1338 imb:3 pmb:136 smb:14261 d:- ref:0 ;
in:346 out:345 type:P dur:2 cpbdur:2 q:44.61 aq:39.10 tex:26677 mv:19473 misc:8386 imb:545 pmb:1981 smb:11874 d:- ref:0 ;
in:345 out:346 type:b dur:2 cpbdur:2 q:44.63 aq:42.72 tex:251 mv:1072 misc:1517 imb:5 pmb:178 smb:14217 d:- ref:0 ;
in:348 out:347 type:P dur:2 cpbdur:2 q:44.65 aq:39.63 tex:9116 mv:7534 misc:3638 imb:285 pmb:615 smb:13500 d:- ref:0 ;
in:347 out:348 type:b dur:2 cpbdur:2 q:44.63 aq:41.74 tex:417 mv:2175 misc:1752 imb:9 pmb:247 smb:14144 d:- ref:0 ;
in:350 out:349 type:P dur:2 cpbdur:2 q:44.88 aq:39.95 tex:4207 mv:4993 misc:2824 imb:127 pmb:470 smb:13803 d:- ref:0 ;
in:349 out:350 type:b dur:2 cpbdur:2 q:44.76 aq:45.26 tex:153 mv:373 misc:914 imb:1 pmb:49 smb:14350 d:- ref:0 ;
in:354 out:351 type:P dur:2 cpbdur:2 q:44.81 aq:36.63 tex:70094 mv:24384 misc:11122 imb:1703 pmb:2136 smb:10561 d:- ref:0 ;
in:352 out:352 type:B dur:2 cpbdur:2 q:44.84 aq:34.41 tex:1148 mv:3164 misc:2368 imb:48 pmb:368 smb:13984 d:- ref:0 ;
in:351 out:353 type:b dur:2 cpbdur:2 q:44.86 aq:44.70 tex:362 mv:1289 misc:1277 imb:7 pmb:133 smb:14260 d:- ref:0 ;
in:353 out:354 type:b dur:2 cpbdur:2 q:44.83 aq:44.45 tex:272 mv:592 misc:1040 imb:4 pmb:76 smb:14320 d:- ref:0 ;
in:356 out:355 type:P dur:2 cpbdur:2 q:44.76 aq:38.17 tex:22137 mv:10918 misc:5889 imb:510 pmb:983 smb:12907 d:- ref:0 ;
in:355 out:356 type:b dur:2 cpbdur:2 q:44.78 aq:45.59 tex:540 mv:1638 misc:1406 imb:10 pmb:155 smb:14235 d:- ref:0 ;
in:358 out:357 type:P dur:2 cpbdur:2 q:44.67 aq:38.73 tex:10974 mv:8004 misc:3910 imb:292 pmb:694 smb:13414 d:- ref:0 ;
in:357 out:358 type:b dur:2 cpbdur:2 q:44.71 aq:43.83 tex:332 mv:1259 misc:1337 imb:7 pmb:161 smb:14232 d:- ref:0 ;
in:360 out:359 type:P dur:2 cpbdur:2 q:44.57 aq:38.79 tex:7710 mv:6084 misc:3950 imb:216 pmb:632 smb:13552 d:- ref:0 ;
in:359 out:360 type:b dur:2 cpbdur:2 q:44.62 aq:46.54 tex:190 mv:545 misc:977 imb:2 pmb:76 smb:14322 d:- ref:0 ;
in:362 out:361 type:P dur:2 cpbdur:2 q:44.48 aq:40.41 tex:7007 mv:7338 misc:3535 imb:240 pmb:607 smb:13553 d:- ref:0 ;
in:361 out:362 type:b dur:2 cpbdur:2 q:44.53 aq:43.42 tex:119 mv:905 misc:1080 imb:3 pmb:93 smb:14304 d:- ref:0 ;
in:364 out:363 type:P dur:2 cpbdur:2 q:44.41 aq:35.96 tex:4692 mv:5517 misc:3039 imb:218 pmb:431 smb:13751 d:- ref:0 ;
in:363 out:364 type:b dur:2 cpbdur:2 q:44.45 aq:42.51 tex:234 mv:974 misc:1176 imb:4 pmb:103 smb:14293 d:- ref:0 ;
in:366 out:365 type:P dur:2 cpbdur:2 q:44.32 aq:42.22 tex:76256 mv:37772 misc:9580 imb:4838 pmb:1323 smb:8239 d:- ref:0 ;
in:365 out:366 type:b dur:2 cpbdur:2 q:44.36 aq:42.28 tex:2438 mv:3003 misc:3423 imb:115 pmb:541 smb:13744 d:- ref:0 ;
in:367 out:367 type:P dur:2 cpbdur:2 q:44.26 aq:42.18 tex:126264 mv:48744 misc:7936 imb:8733 pmb:1124 smb:4543 d:- ref:0 ;
in:368 out:368 type:P dur:2 cpbdur:2 q:44.25 aq:39.90 tex:222252 mv:62676 misc:4144 imb:11481 pmb:1150 smb:1769 d:- ref:0 ;
in:370 out:369 type:P dur:2 cpbdur:2 q:44.24 aq:41.76 tex:116783 mv:47423 misc:8034 imb:7753 pmb:1297 smb:5350 d:- ref:0 ;
in:369 out:370 type:b dur:2 cpbdur:2 q:44.24 aq:44.74 tex:1352 mv:564 misc:2140 imb:6 pmb:354 smb:14040 d:- ref:0 ;
in:371 out:371 type:P dur:2 cpbdur:2 q:44.16 aq:40.62 tex:143012 mv:53223 misc:6677 imb:9227 pmb:1374 smb:3799 d:- ref:0 ;
in:372 out:372 type:P dur:2 cpbdur:2 q:44.12 aq:39.29 tex:183664 mv:58790 misc:7010 imb:9281 pmb:1492 smb:3627 d:- ref:0 ;
in:374 out:373 type:P dur:2 cpbdur:2 q:44.13 aq:36.71 tex:289045 mv:74655 misc:7852 imb:7560 pmb:2680 smb:4160 d:- ref:0 ;
in:373 out:374 type:b dur:2 cpbdur:2 q:44.12 aq:41.61 tex:12126 mv:20017 misc:8137 imb:534 pmb:1908 smb:11958 d:- ref:0 ;
in:376 out:375 type:P dur:2 cpbdur:2 q:44.11 aq:37.57 tex:53984 mv:31643 misc:10749 imb:1377 pmb:2550 smb:10473 d:- ref:0 ;
in:375 out:376 type:b dur:2 cpbdur:2 q:44.12 aq:42.51 tex:1954 mv:6302 misc:4352 imb:61 pmb:928 smb:13411 d:- ref:0 ;
in:378 out:377 type:P dur:2 cpbdur:2 q:44.06 aq:38.76 tex:7570 mv:6578 misc:3796 imb:237 pmb:599 smb:13564 d:- ref:0 ;
in:377 out:378 type:b dur:2 cpbdur:2 q:44.08 aq:42.04 tex:367 mv:306 misc:879 imb:3 pmb:46 smb:14351 d:- ref:0 ;
in:380 out:379 type:P dur:2 cpbdur:2 q:43.98 aq:39.93 tex:11291 mv:7344 misc:4733 imb:239 pmb:762 smb:13399 d:- ref:0 ;
in:379 out:380 type:b dur:2 cpbdur:2 q:44.02 aq:40.69 tex:503 mv:616 misc:961 imb:4 pmb:77 smb:14319 d:- ref:0 ;
in:382 out:381 type:P dur:2 cpbdur:2 q:43.90 aq:38.12 tex:37803 mv:19932 misc:9833 imb:1353 pmb:1742 smb:11305 d:- ref:0 ;
in:381 out:382 type:b dur:2 cpbdur:2 q:43.94 aq:40.88 tex:392 mv:643 misc:1029 imb:0 pmb:82 smb:14318 d:- ref:0 ;
in:386 out:383 type:P dur:2 cpbdur:2 q:43.90 aq:35.93 tex:83029 mv:31442 misc:12097 imb:2708 pmb:2397 smb:9295 d:- ref:0 ;
in:384 out:384 type:B dur:2 cpbdur:2 q:43.90 aq:37.44 tex:4469 mv:5590 misc:4197 imb:81 pmb:803 smb:13516 d:- ref:0 ;
in:383 out:385 type:b dur:2 cpbdur:2 q:43.90 aq:42.79 tex:1110 mv:1922 misc:1664 imb:11 pmb:199 smb:14190 d:- ref:0 ;
in:385 out:386 type:b dur:2 cpbdur:2 q:43.90 aq:44.35 tex:394 mv:477 misc:921 imb:5 pmb:55 smb:14340 d:- ref:0 ;
in:388 out:387 type:P dur:2 cpbdur:2 q:44.23 aq:38.04 tex:51593 mv:38010 misc:11525 imb:2648 pmb:2133 smb:9619 d:- ref:0 ;
in:387 out:388 type:b dur:2 cpbdur:2 q:44.07 aq:38.03 tex:884 mv:2532 misc:3416 imb:100 pmb:662 smb:13638 d:- ref:0 ;
in:390 out:389 type:P dur:2 cpbdur:2 q:44.31 aq:38.97 tex:65336 mv:41963 misc:11349 imb:3411 pmb:2083 smb:8906 d:- ref:0 ;
in:389 out:390 type:b dur:2 cpbdur:2 q:44.27 aq:41.81 tex:15445 mv:22131 misc:7776 imb:658 pmb:1814 smb:11928 d:- ref:0 ;
in:392 out:391 type:P dur:2 cpbdur:2 q:44.68 aq:39.80 tex:70222 mv:43055 misc:10515 imb:4419 pmb:1829 smb:8152 d:- ref:0 ;
in:391 out:392 type:b dur:2 cpbdur:2 q:44.49 aq:41.73 tex:16704 mv:23094 misc:8378 imb:708 pmb:2011 smb:11681 d:- ref:0 ;
in:394 out:393 type:P dur:2 cpbdur:2 q:44.72 aq:40.61 tex:91250 mv:48525 misc:9425 imb:6209 pmb:1704 smb:6487 d:- ref:0 ;
in:393 out:394 type:b dur:2 cpbdur:2 q:44.70 aq:42.23 tex:28768 mv:34801 misc:9583 imb:1250 pmb:2452 smb:10698 d:- ref:0 ;
in:395 out:395 type:P dur:2 cpbdur:2 q:44.69 aq:41.18 tex:85266 mv:42882 misc:10244 imb:4772 pmb:1682 smb:7946 d:- ref:0 ;
in:396 out:396 type:P dur:2 cpbdur:2 q:44.69 aq:40.25 tex:132456 mv:53798 misc:10138 imb:6407 pmb:1925 smb:6068 d:- ref:0 ;
in:398 out:397 type:P dur:2 cpbdur:2 q:44.71 aq:40.63 tex:106364 mv:50773 misc:10679 imb:5377 pmb:2116 smb:6907 d:- ref:0 ;
in:397 out:398 type:b dur:2 cpbdur:2 q:44.70 aq:42.85 tex:32826 mv:32364 misc:8938 imb:1241 pmb:2260 smb:10899 d:- ref:0 ;
in:400 out:399 type:P dur:2 cpbdur:2 q:44.70 aq:40.19 tex:98841 mv:52674 misc:10917 imb:5321 pmb:2233 smb:6846 d:- ref:0 ;
in:399 out:400 type:b dur:2 cpbdur:2 q:44.70 aq:42.91 tex:28094 mv:33229 misc:9013 imb:1381 pmb:2202 smb:10817 d:- ref:0 ;
in:402 out:401 type:P dur:2 cpbdur:2 q:44.70 aq:39.28 tex:132679 mv:55216 misc:10865 imb:4816 pmb:2433 smb:7151 d:- ref:0 ;
in:401 out:402 type:b dur:2 cpbdur:2 q:44.70 aq:43.85 tex:20765 mv:28438 misc:8565 imb:903 pmb:2099 smb:11398 d:- ref:0 ;
in:404 out:403 type:P dur:2 cpbdur:2 q:44.64 aq:38.81 tex:45797 mv:35131 misc:10952 imb:1944 pmb:2183 smb:10273 d:- ref:0 ;
in:403 out:404 type:b dur:2 cpbdur:2 q:44.67 aq:44.43 tex:6610 mv:13633 misc:5637 imb:237 pmb:1306 smb:12857 d:- ref:0 ;
in:406 out:405 type:P dur:2 cpbdur:2 q:44.61 aq:39.34 tex:27786 mv:27552 misc:9998 imb:1349 pmb:1945 smb:11106 d:- ref:0 ;
in:405 out:406 type:b dur:2 cpbdur:2 q:44.63 aq:44.08 tex:2433 mv:5880 misc:4247 imb:69 pmb:870 smb:13461 d:- ref:0 ;
in:408 out:407 type:P dur:2 cpbdur:2 q:44.60 aq:39.52 tex:28024 mv:29082 misc:10270 imb:1479 pmb:1941 smb:10980 d:- ref:0 ;
in:407 out:408 type:b dur:2 cpbdur:2 q:44.60 aq:44.64 tex:3981 mv:9650 misc:4673 imb:123 pmb:991 smb:13286 d:- ref:0 ;
in:410 out:409 type:P dur:2 cpbdur:2 q:44.61 aq:39.47 tex:77930 mv:42703 misc:10823 imb:3890 pmb:1920 smb:8590 d:- ref:0 ;
in:409 out:410 type:b dur:2 cpbdur:2 q:44.60 aq:43.84 tex:13162 mv:22138 misc:7532 imb:597 pmb:1748 smb:12055 d:- ref:0 ;
in:412 out:411 type:P dur:2 cpbdur:2 q:44.68 aq:39.43 tex:51761 mv:37900 misc:10963 imb:2864 pmb:1994 smb:9542 d:- ref:0 ;
in:411 out:412 type:b dur:2 cpbdur:2 q:44.65 aq:43.76 tex:7905 mv:15774 misc:6209 imb:277 pmb:1478 smb:12645 d:- ref:0 ;
in:414 out:413 type:P dur:2 cpbdur:2 q:44.77 aq:40.04 tex:31417 mv:28058 misc:9813 imb:1958 pmb:1525 smb:10917 d:- ref:0 ;
in:413 out:414 type:b dur:2 cpbdur:2 q:44.73 aq:43.94 tex:6606 mv:13485 misc:5709 imb:292 pmb:1285 smb:12823 d:- ref:0 ;
in:418 out:415 type:P dur:2 cpbdur:2 q:44.91 aq:38.50 tex:159493 mv:60874 misc:9265 imb:8579 pmb:1984 smb:3837 d:- ref:0 ;
in:416 out:416 type:B dur:2 cpbdur:2 q:44.84 aq:39.58 tex:38893 mv:41819 misc:10960 imb:2114 pmb:2405 smb:9881 d:- ref:0 ;
in:415 out:417 type:b dur:2 cpbdur:2 q:44.81 aq:42.35 tex:13028 mv:20659 misc:7121 imb:647 pmb:1534 smb:12219 d:- ref:0 ;
in:417 out:418 type:b dur:2 cpbdur:2 q:44.88 aq:43.09 tex:26939 mv:27430 misc:8127 imb:1226 pmb:1823 smb:11351 d:- ref:0 ;
in:420 out:419 type:P dur:2 cpbdur:2 q:45.17 aq:38.09 tex:126794 mv:51881 misc:10173 imb:5919 pmb:1777 smb:6704 d:- ref:0 ;
in:419 out:420 type:b dur:2 cpbdur:2 q:45.04 aq:43.29 tex:19606 mv:22003 misc:7791 imb:707 pmb:1889 smb:11804 d:- ref:0 ;
in:422 out:421 type:P dur:2 cpbdur:2 q:45.23 aq:39.92 tex:32283 mv:26728 misc:10173 imb:1645 pmb:1731 smb:11024 d:- ref:0 ;
in:421 out:422 type:b dur:2 cpbdur:2 q:45.20 aq:42.58 tex:1735 mv:2197 misc:4436 imb:54 pmb:1035 smb:13311 d:- ref:0 ;
in:424 out:423 type:P dur:2 cpbdur:2 q:45.22 aq:39.03 tex:84055 mv:44574 misc:11587 imb:4275 pmb:2045 smb:8080 d:- ref:0 ;
in:423 out:424 type:b dur:2 cpbdur:2 q:45.22 aq:44.15 tex:816 mv:977 misc:2239 imb:18 pmb:355 smb:14027 d:- ref:0 ;
in:426 out:425 type:P dur:2 cpbdur:2 q:45.21 aq:38.19 tex:104167 mv:48417 misc:11776 imb:4191 pmb:2317 smb:7892 d:- ref:0 ;
in:425 out:426 type:b dur:2 cpbdur:2 q:45.21 aq:43.59 tex:8380 mv:15901 misc:6599 imb:404 pmb:1465 smb:12531 d:- ref:0 ;
in:428 out:427 type:P dur:2 cpbdur:2 q:45.23 aq:39.28 tex:20315 mv:18424 misc:8429 imb:763 pmb:1522 smb:12115 d:- ref:0 ;
in:427 out:428 type:b dur:2 cpbdur:2 q:45.22 aq:42.89 tex:705 mv:1342 misc:2665 imb:25 pmb:475 smb:13900 d:- ref:0 ;
in:430 out:429 type:P dur:2 cpbdur:2 q:45.22 aq:38.26 tex:34426 mv:28133 misc:10297 imb:1803 pmb:1740 smb:10857 d:- ref:0 ;
in:429 out:430 type:b dur:2 cpbdur:2 q:45.22 aq:44.76 tex:1865 mv:5202 misc:4085 imb:64 pmb:818 smb:13518 d:- ref:0 ;
in:432 out:431 type:P dur:2 cpbdur:2 q:45.19 aq:38.14 tex:27356 mv:25900 misc:10136 imb:1664 pmb:1568 smb:11168 d:- ref:0 ;
in:431 out:432 type:b dur:2 cpbdur:2 q:45.20 aq:44.44 tex:1901 mv:4451 misc:3184 imb:59 pmb:558 smb:13783 d:- ref:0 ;
in:434 out:433 type:P dur:2 cpbdur:2 q:45.23 aq:39.63 tex:13908 mv:15847 misc:7509 imb:708 pmb:1271 smb:12421 d:- ref:0 ;
in:433 out:434 type:b dur:2 cpbdur:2 q:45.21 aq:43.69 tex:684 mv:1273 misc:2275 imb:14 pmb:373 smb:14013 d:- ref:0 ;
in:436 out:435 type:P dur:2 cpbdur:2 q:45.23 aq:38.60 tex:91379 mv:47924 misc:11177 imb:4639 pmb:1983 smb:7778 d:- ref:0 ;
in:435 out:436 type:b dur:2 cpbdur:2 q:45.23 aq:43.79 tex:9948 mv:17315 misc:6641 imb:501 pmb:1441 smb:12458 d:- ref:0 ;
in:438 out:437 type:P dur:2 cpbdur:2 q:45.31 aq:40.58 tex:17244 mv:16985 misc:8163 imb:727 pmb:1442 smb:12231 d:- ref:0 ;
in:437 out:438 type:b dur:2 cpbdur:2 q:45.27 aq:43.70 tex:1075 mv:1856 misc:3021 imb:45 pmb:570 smb:13785 d:- ref:0 ;
in:440 out:439 type:P dur:2 cpbdur:2 q:45.29 aq:39.59 tex:51218 mv:35146 misc:10588 imb:3036 pmb:1685 smb:9679 d:- ref:0 ;
in:439 out:440 type:b dur:2 cpbdur:2 q:45.30 aq:43.30 tex:7551 mv:16278 misc:6299 imb:400 pmb:1399 smb:12601 d:- ref:0 ;
in:442 out:441 type:P dur:2 cpbdur:2 q:45.31 aq:38.71 tex:79864 mv:43953 misc:11743 imb:4363 pmb:1858 smb:8179 d:- ref:0 ;
in:441 out:442 type:b dur:2 cpbdur:2 q:45.30 aq:42.09 tex:10108 mv:17575 misc:6701 imb:535 pmb:1495 smb:12370 d:- ref:0 ;
in:444 out:443 type:P dur:2 cpbdur:2 q:45.35 aq:39.29 tex:46597 mv:32435 misc:10216 imb:2582 pmb:1568 smb:10250 d:- ref:0 ;
in:443 out:444 type:b dur:2 cpbdur:2 q:45.33 aq:43.61 tex:6908 mv:12420 misc:5400 imb:296 pmb:1194 smb:12910 d:- ref:0 ;
in:446 out:445 type:P dur:2 cpbdur:2 q:45.33 aq:39.72 tex:26452 mv:22108 misc:8656 imb:1493 pmb:1280 smb:11627 d:- ref:0 ;
in:445 out:446 type:b dur:2 cpbdur:2 q:45.34 aq:44.78 tex:4117 mv:8942 misc:4621 imb:165 pmb:984 smb:13251 d:- ref:0 ;
in:447 out:447 type:P dur:2 cpbdur:2 q:45.30 aq:40.61 tex:19216 mv:20212 misc:8084 imb:1099 pmb:1267 smb:12034 d:- ref:0 ;
in:448 out:448 type:I dur:2 cpbdur:2 q:42.20 aq:34.81 tex:306887 mv:130142 misc:723 imb:14400 pmb:0 smb:0 d:- ref:;
in:450 out:449 type:P dur:2 cpbdur:2 q:45.43 aq:38.95 tex:38391 mv:30554 misc:9999 imb:1992 pmb:1833 smb:10575 d:- ref:0 ;
in:449 out:450 type:b dur:2 cpbdur:2 q:45.43 aq:44.85 tex:681 mv:649 misc:2726 imb:10 pmb:572 smb:13818 d:- ref:0 ;
in:452 out:451 type:P dur:2 cpbdur:2 q:45.39 aq:39.01 tex:75806 mv:40963 misc:11407 imb:3284 pmb:2317 smb:8799 d:- ref:0 ;
in:451 out:452 type:b dur:2 cpbdur:2 q:45.41 aq:42.12 tex:9868 mv:17909 misc:6807 imb:494 pmb:1544 smb:12362 d:- ref:0 ;
in:454 out:453 type:P dur:2 cpbdur:2 q:45.42 aq:39.83 tex:30834 mv:25553 misc:9613 imb:1464 pmb:1634 smb:11302 d:- ref:0 ;
in:453 out:454 type:b dur:2 cpbdur:2 q:45.40 aq:44.50 tex:1296 mv:2289 misc:3991 imb:32 pmb:821 smb:13547 d:- ref:0 ;
in:456 out:455 type:P dur:2 cpbdur:2 q:45.38 aq:38.53 tex:58265 mv:36253 misc:10890 imb:3077 pmb:1748 smb:9575 d:- ref:0 ;
in:455 out:456 type:b dur:2 cpbdur:2 q:45.40 aq:43.37 tex:9294 mv:16915 misc:6303 imb:461 pmb:1385 smb:12554 d:- ref:0 ;
in:458 out:457 type:P dur:2 cpbdur:2 q:45.37 aq:38.54 tex:58902 mv:34862 misc:10772 imb:2708 pmb:1857 smb:9835 d:- ref:0 ;
in:457 out:458 type:b dur:2 cpbdur:2 q:45.37 aq:44.04 tex:8047 mv:14992 misc:5705 imb:401 pmb:1254 smb:12745 d:- ref:0 ;
in:460 out:459 type:P dur:2 cpbdur:2 q:45.40 aq:38.48 tex:34509 mv:27654 misc:9733 imb:1904 pmb:1584 smb:10912 d:- ref:0 ;
in:459 out:460 type:b dur:2 cpbdur:2 q:45.38 aq:44.26 tex:5031 mv:9661 misc:4532 imb:196 pmb:962 smb:13242 d:- ref:0 ;
in:462 out:461 type:P dur:2 cpbdur:2 q:45.40 aq:38.02 tex:31448 mv:27999 misc:10033 imb:1917 pmb:1543 smb:10940 d:- ref:0 ;
in:461 out:462 type:b dur:2 cpbdur:2 q:45.40 aq:45.24 tex:5100 mv:9244 misc:4296 imb:200 pmb:904 smb:13296 d:- ref:0 ;
in:464 out:463 type:P dur:2 cpbdur:2 q:45.38 aq:38.72 tex:37266 mv:30408 misc:10574 imb:2041 pmb:1742 smb:10617 d:- ref:0 ;
in:463 out:464 type:b dur:2 cpbdur:2 q:45.39 aq:44.42 tex:4945 mv:10683 misc:4660 imb:200 pmb:1026 smb:13174 d:- ref:0 ;
in:466 out:465 type:P dur:2 cpbdur:2 q:45.36 aq:38.96 tex:52470 mv:34073 misc:11009 imb:2484 pmb:1930 smb:9986 d:- ref:0 ;
in:465 out:466 type:b dur:2 cpbdur:2 q:45.37 aq:43.85 tex:5743 mv:11799 misc:5354 imb:290 pmb:1249 smb:12861 d:- ref:0 ;
in:468 out:467 type:P dur:2 cpbdur:2 q:45.44 aq:39.26 tex:59019 mv:35196 misc:11697 imb:2157 pmb:2392 smb:9851 d:- ref:0 ;
in:467 out:468 type:b dur:2 cpbdur:2 q:45.40 aq:42.57 tex:3923 mv:8982 misc:4879 imb:198 pmb:1084 smb:13118 d:- ref:0 ;
in:470 out:469 type:P dur:2 cpbdur:2 q:45.45 aq:39.05 tex:41826 mv:30827 misc:10491 imb:1931 pmb:1891 smb:10578 d:- ref:0 ;
in:469 out:470 type:b dur:2 cpbdur:2 q:45.45 aq:44.08 tex:4158 mv:10083 misc:4703 imb:176 pmb:1003 smb:13221 d:- ref:0 ;
in:472 out:471 type:P dur:2 cpbdur:2 q:45.44 aq:39.33 tex:34782 mv:28680 misc:10426 imb:1625 pmb:1861 smb:10914 d:- ref:0 ;
in:471 out:472 type:b dur:2 cpbdur:2 q:45.45 aq:44.32 tex:2484 mv:6084 misc:3920 imb:93 pmb:772 smb:13535 d:- ref:0 ;
in:474 out:473 type:P dur:2 cpbdur:2 q:45.44 aq:39.51 tex:49214 mv:33351 misc:10795 imb:2581 pmb:1853 smb:9966 d:- ref:0 ;
in:473 out:474 type:b dur:2 cpbdur:2 q:45.44 aq:44.62 tex:7404 mv:13085 misc:5327 imb:330 pmb:1174 smb:12896 d:- ref:0 ;
in:476 out:475 type:P dur:2 cpbdur:2 q:45.46 aq:39.26 tex:50960 mv:32822 misc:10602 imb:2513 pmb:1775 smb:10112 d:- ref:0 ;
in:475 out:476 type:b dur:2 cpbdur:2 q:45.45 aq:43.93 tex:6181 mv:11977 misc:5242 imb:252 pmb:1112 smb:13036 d:- ref:0 ;
in:478 out:477 type:P dur:2 cpbdur:2 q:45.45 aq:39.69 tex:43444 mv:31093 misc:10383 imb:2379 pmb:1707 smb:10314 d:- ref:0 ;
in:477 out:478 type:b dur:2 cpbdur:2 q:45.45 aq:41.54 tex:1690 mv:3610 misc:4244 imb:104 pmb:926 smb:13370 d:- ref:0 ;
in:482 out:479 type:P dur:2 cpbdur:2 q:45.44 aq:37.47 tex:198318 mv:65445 misc:10533 imb:6902 pmb:3197 smb:4301 d:- ref:0 ;
in:480 out:480 type:B dur:2 cpbdur:2 q:45.44 aq:39.64 tex:16582 mv:25366 misc:9076 imb:821 pmb:1949 smb:11630 d:- ref:0 ;
in:479 out:481 type:b dur:2 cpbdur:2 q:45.45 aq:41.52 tex:11001 mv:21048 misc:7095 imb:620 pmb:1548 smb:12232 d:- ref:0 ;
in:481 out:482 type:b dur:2 cpbdur:2 q:45.44 aq:43.24 tex:4558 mv:9620 misc:4838 imb:121 pmb:1037 smb:13242 d:- ref:0 ;
in:484 out:483 type:P dur:2 cpbdur:2 q:45.49 aq:38.43 tex:44363 mv:26507 misc:10074 imb:1074 pmb:2323 smb:11003 d:- ref:0 ;
in:483 out:484 type:b dur:2 cpbdur:2 q:45.46 aq:45.66 tex:644 mv:1281 misc:2251 imb:6 pmb:377 smb:14017 d:- ref:0 ;
in:486 out:485 type:P dur:2 cpbdur:2 q:45.49 aq:39.10 tex:9939 mv:4051 misc:3658 imb:174 pmb:483 smb:13743 d:- ref:0 ;
in:485 out:486 type:b dur:2 cpbdur:2 q:45.49 aq:46.28 tex:526 mv:473 misc:849 imb:3 pmb:58 smb:14339 d:- ref:0 ;
in:488 out:487 type:P dur:2 cpbdur:2 q:45.45 aq:37.70 tex:51589 mv:32771 misc:11048 imb:1634 pmb:2343 smb:10423 d:- ref:0 ;
in:487 out:488 type:b dur:2 cpbdur:2 q:45.47 aq:44.80 tex:2293 mv:7589 misc:3550 imb:56 pmb:716 smb:13628 d:- ref:0 ;
in:490 out:489 type:P dur:2 cpbdur:2 q:45.45 aq:38.23 tex:37417 mv:25118 misc:9953 imb:1117 pmb:2030 smb:11253 d:- ref:0 ;
in:489 out:490 type:b dur:2 cpbdur:2 q:45.45 aq:45.95 tex:720 mv:2287 misc:1809 imb:11 pmb:265 smb:14124 d:- ref:0 ;
in:492 out:491 type:P dur:2 cpbdur:2 q:45.43 aq:40.15 tex:14725 mv:7184 misc:5035 imb:325 pmb:754 smb:13321 d:- ref:0 ;
in:491 out:492 type:b dur:2 cpbdur:2 q:45.44 aq:45.60 tex:672 mv:548 misc:908 imb:6 pmb:65 smb:14329 d:- ref:0 ;
in:494 out:493 type:P dur:2 cpbdur:2 q:45.41 aq:39.72 tex:7649 mv:4967 misc:3024 imb:232 pmb:404 smb:13764 d:- ref:0 ;
in:493 out:494 type:b dur:2 cpbdur:2 q:45.42 aq:44.46 tex:439 mv:755 misc:966 imb:9 pmb:78 smb:14313 d:- ref:0 ;
in:496 out:495 type:P dur:2 cpbdur:2 q:45.39 aq:39.51 tex:14701 mv:8963 misc:5344 imb:664 pmb:770 smb:12966 d:- ref:0 ;
in:495 out:496 type:b dur:2 cpbdur:2 q:45.40 aq:43.58 tex:1067 mv:1470 misc:1383 imb:12 pmb:184 smb:14204 d:- ref:0 ;
in:498 out:497 type:P dur:2 cpbdur:2 q:45.44 aq:40.39 tex:7846 mv:4133 misc:3109 imb:221 pmb:387 smb:13792 d:- ref:0 ;
in:497 out:498 type:b dur:2 cpbdur:2 q:45.41 aq:39.32 tex:604 mv:691 misc:1025 imb:5 pmb:88 smb:14307 d:- ref:0 ;
in:502 out:499 type:P dur:2 cpbdur:2 q:45.40 aq:42.01 tex:95036 mv:43503 misc:8437 imb:8282 pmb:1056 smb:5062 d:- ref:0 ;
in:500 out:500 type:B dur:2 cpbdur:2 q:45.42 aq:41.03 tex:16403 mv:25737 misc:9476 imb:616 pmb:2210 smb:11574 d:- ref:0 ;
in:499 out:501 type:b dur:2 cpbdur:2 q:45.43 aq:43.92 tex:786 mv:2381 misc:3401 imb:44 pmb:648 smb:13708 d:- ref:0 ;
in:501 out:502 type:b dur:2 cpbdur:2 q:45.41 aq:43.12 tex:32192 mv:36738 misc:9870 imb:1957 pmb:2096 smb:10347 d:- ref:0 ;
in:503 out:503 type:P dur:2 cpbdur:2 q:45.34 aq:41.91 tex:92011 mv:41848 misc:8341 imb:7689 pmb:929 smb:5782 d:- ref:0 ;
in:504 out:504 type:P dur:2 cpbdur:2 q:45.33 aq:41.80 tex:101406 mv:44551 misc:7635 imb:8378 pmb:957 smb:5065 d:- ref:0 ;
in:506 out:505 type:P dur:2 cpbdur:2 q:45.36 aq:42.62 tex:122813 mv:47744 misc:6291 imb:9655 pmb:1093 smb:3652 d:- ref:0 ;
in:505 out:506 type:b dur:2 cpbdur:2 q:45.35 aq:42.90 tex:58829 mv:49187 misc:10088 imb:3426 pmb:2766 smb:8208 d:- ref:0 ;
in:507 out:507 type:P dur:2 cpbdur:2 q:45.37 aq:42.44 tex:84761 mv:37647 misc:8952 imb:6351 pmb:1079 smb:6970 d:- ref:0 ;
in:509 out:508 type:P dur:2 cpbdur:2 q:45.36 aq:41.68 tex:100074 mv:43365 misc:8705 imb:7904 pmb:1107 smb:5389 d:- ref:0 ;
in:508 out:509 type:b dur:2 cpbdur:2 q:45.37 aq:43.86 tex:2398 mv:2128 misc:2970 imb:82 pmb:454 smb:13864 d:- ref:0 ;
in:510 out:510 type:P dur:2 cpbdur:2 q:45.34 aq:42.49 tex:110627 mv:42881 misc:7996 imb:7510 pmb:1076 smb:5814 d:- ref:0 ;
in:511 out:511 type:P dur:2 cpbdur:2 q:45.34 aq:41.43 tex:131262 mv:49285 misc:8565 imb:7543 pmb:1388 smb:5469 d:- ref:0 ;
in:514 out:512 type:P dur:2 cpbdur:2 q:45.33 aq:36.60 tex:327487 mv:79500 misc:6861 imb:8931 pmb:2874 smb:2595 d:- ref:0 ;
in:512 out:513 type:B dur:2 cpbdur:2 q:45.33 aq:41.47 tex:18622 mv:24648 misc:9346 imb:889 pmb:2088 smb:11423 d:- ref:0 ;
in:513 out:514 type:b dur:2 cpbdur:2 q:45.33 aq:44.74 tex:3011 mv:5704 misc:5621 imb:50 pmb:1316 smb:13034 d:- ref:0 ;
in:516 out:515 type:P dur:2 cpbdur:2 q:45.32 aq:39.45 tex:12124 mv:5086 misc:4286 imb:217 pmb:656 smb:13527 d:- ref:0 ;
in:515 out:516 type:b dur:2 cpbdur:2 q:45.32 aq:42.80 tex:924 mv:513 misc:971 imb:8 pmb:64 smb:14328 d:- ref:0 ;
in:518 out:517 type:P dur:2 cpbdur:2 q:45.30 aq:39.23 tex:4931 mv:3357 misc:2576 imb:179 pmb:305 smb:13916 d:- ref:0 ;
in:517 out:518 type:b dur:2 cpbdur:2 q:45.31 aq:38.82 tex:764 mv:403 misc:897 imb:7 pmb:52 smb:14341 d:- ref:0 ;
in:520 out:519 type:P dur:2 cpbdur:2 q:45.25 aq:38.79 tex:37640 mv:21410 misc:8278 imb:1315 pmb:1817 smb:11268 d:- ref:0 ;
in:519 out:520 type:b dur:2 cpbdur:2 q:45.27 aq:46.65 tex:3546 mv:5651 misc:2635 imb:131 pmb:498 smb:13771 d:- ref:0 ;
in:522 out:521 type:P dur:2 cpbdur:2 q:45.31 aq:38.42 tex:48918 mv:30511 misc:10235 imb:1332 pmb:2498 smb:10570 d:- ref:0 ;
in:521 out:522 type:b dur:2 cpbdur:2 q:45.28 aq:45.94 tex:2990 mv:6554 misc:3704 imb:87 pmb:691 smb:13622 d:- ref:0 ;
in:524 out:523 type:P dur:2 cpbdur:2 q:45.40 aq:39.64 tex:20147 mv:10586 misc:5507 imb:567 pmb:942 smb:12891 d:- ref:0 ;
in:523 out:524 type:b dur:2 cpbdur:2 q:45.36 aq:38.86 tex:1269 mv:2482 misc:1809 imb:27 pmb:255 smb:14118 d:- ref:0 ;
in:526 out:525 type:P dur:2 cpbdur:2 q:45.47 aq:38.25 tex:15571 mv:10017 misc:3820 imb:705 pmb:595 smb:13100 d:- ref:0 ;
in:525 out:526 type:b dur:2 cpbdur:2 q:45.44 aq:37.85 tex:382 mv:823 misc:1763 imb:24 pmb:266 smb:14110 d:- ref:0 ;
in:528 out:527 type:P dur:2 cpbdur:2 q:45.48 aq:39.19 tex:14677 mv:9296 misc:4603 imb:426 pmb:747 smb:13227 d:- ref:0 ;
in:527 out:528 type:b dur:2 cpbdur:2 q:45.47 aq:38.70 tex:240 mv:346 misc:1494 imb:7 pmb:189 smb:14204 d:- ref:0 ;
in:530 out:529 type:P dur:2 cpbdur:2 q:45.59 aq:37.55 tex:7841 mv:6088 misc:3303 imb:271 pmb:526 smb:13603 d:- ref:0 ;
in:529 out:530 type:b dur:2 cpbdur:2 q:45.53 aq:46.33 tex:577 mv:963 misc:1276 imb:5 pmb:129 smb:14266 d:- ref:0 ;
in:532 out:531 type:P dur:2 cpbdur:2 q:45.75 aq:39.53 tex:19122 mv:19222 misc:8280 imb:775 pmb:1784 smb:11841 d:- ref:0 ;
in:531 out:532 type:b dur:2 cpbdur:2 q:45.67 aq:45.53 tex:1136 mv:2937 misc:2263 imb:30 pmb:338 smb:14032 d:- ref:0 ;
in:534 out:533 type:P dur:2 cpbdur:2 q:45.70 aq:39.58 tex:22977 mv:21012 misc:8971 imb:731 pmb:1994 smb:11675 d:- ref:0 ;
in:533 out:534 type:b dur:2 cpbdur:2 q:45.72 aq:44.34 tex:1080 mv:2348 misc:2204 imb:17 pmb:328 smb:14055 d:- ref:0 ;
in:536 out:535 type:P dur:2 cpbdur:2 q:45.66 aq:40.02 tex:10194 mv:8311 misc:3703 imb:395 pmb:590 smb:13415 d:- ref:0 ;
in:535 out:536 type:b dur:2 cpbdur:2 q:45.68 aq:36.97 tex:258 mv:363 misc:1595 imb:9 pmb:222 smb:14169 d:- ref:0 ;
in:538 out:537 type:P dur:2 cpbdur:2 q:45.62 aq:40.21 tex:16454 mv:16483 misc:7423 imb:720 pmb:1467 smb:12213 d:- ref:0 ;
in:537 out:538 type:b dur:2 cpbdur:2 q:45.64 aq:44.48 tex:409 mv:627 misc:1684 imb:8 pmb:258 smb:14134 d:- ref:0 ;
in:540 out:539 type:P dur:2 cpbdur:2 q:45.60 aq:40.97 tex:9091 mv:7405 misc:3712 imb:402 pmb:524 smb:13474 d:- ref:0 ;
in:539 out:540 type:b dur:2 cpbdur:2 q:45.61 aq:47.05 tex:725 mv:1876 misc:1775 imb:10 pmb:260 smb:14130 d:- ref:0 ;
in:542 out:541 type:P dur:2 cpbdur:2 q:45.54 aq:41.71 tex:22273 mv:19310 misc:8153 imb:816 pmb:1558 smb:12026 d:- ref:0 ;
in:541 out:542 type:b dur:2 cpbdur:2 q:45.57 aq:44.35 tex:1938 mv:5309 misc:4433 imb:65 pmb:887 smb:13448 d:- ref:0 ;
in:543 out:543 type:P dur:2 cpbdur:2 q:45.49 aq:41.74 tex:46036 mv:26677 misc:7911 imb:3396 pmb:1538 smb:9466 d:- ref:0 ;
in:544 out:544 type:P dur:2 cpbdur:2 q:45.47 aq:38.28 tex:119693 mv:43045 misc:8982 imb:6456 pmb:1805 smb:6139 d:- ref:0 ;
in:546 out:545 type:P dur:2 cpbdur:2 q:45.47 aq:39.05 tex:79455 mv:32401 misc:8824 imb:3676 pmb:1940 smb:8784 d:- ref:0 ;
in:545 out:546 type:b dur:2 cpbdur:2 q:45.47 aq:42.75 tex:11253 mv:12964 misc:4559 imb:625 pmb:1044 smb:12731 d:- ref:0 ;
in:547 out:547 type:P dur:2 cpbdur:2 q:45.42 aq:38.35 tex:42350 mv:18484 misc:6366 imb:2270 pmb:998 smb:11132 d:- ref:0 ;
in:548 out:548 type:P dur:2 cpbdur:2 q:45.39 aq:37.81 tex:46757 mv:22422 misc:6349 imb:2849 pmb:1030 smb:10521 d:- ref:0 ;
in:552 out:549 type:P dur:2 cpbdur:2 q:45.37 aq:38.46 tex:89323 mv:41922 misc:10531 imb:3516 pmb:2757 smb:8127 d:- ref:0 ;
in:550 out:550 type:B dur:2 cpbdur:2 q:45.38 aq:41.65 tex:14002 mv:13153 misc:5813 imb:422 pmb:1365 smb:12613 d:- ref:0 ;
in:549 out:551 type:b dur:2 cpbdur:2 q:45.39 aq:44.04 tex:6166 mv:5104 misc:3370 imb:111 pmb:747 smb:13542 d:- ref:0 ;
in:551 out:552 type:b dur:2 cpbdur:2 q:45.38 aq:43.89 tex:1082 mv:859 misc:2851 imb:9 pmb:503 smb:13888 d:- ref:0 ;
in:554 out:553 type:P dur:2 cpbdur:2 q:45.28 aq:38.31 tex:41651 mv:15707 misc:7354 imb:1742 pmb:1052 smb:11606 d:- ref:0 ;
in:553 out:554 type:b dur:2 cpbdur:2 q:45.33 aq:43.93 tex:729 mv:587 misc:2124 imb:10 pmb:341 smb:14049 d:- ref:0 ;
in:556 out:555 type:P dur:2 cpbdur:2 q:45.24 aq:38.40 tex:60649 mv:27478 misc:10961 imb:1771 pmb:2543 smb:10086 d:- ref:0 ;
in:555 out:556 type:b dur:2 cpbdur:2 q:45.26 aq:45.79 tex:2063 mv:2316 misc:2149 imb:39 pmb:295 smb:14066 d:- ref:0 ;
in:558 out:557 type:P dur:2 cpbdur:2 q:45.20 aq:38.20 tex:23642 mv:10713 misc:5813 imb:1195 pmb:752 smb:12453 d:- ref:0 ;
in:557 out:558 type:b dur:2 cpbdur:2 q:45.22 aq:43.38 tex:2874 mv:2557 misc:1473 imb:78 pmb:198 smb:14124 d:- ref:0 ;
in:560 out:559 type:P dur:2 cpbdur:2 q:45.15 aq:37.76 tex:24783 mv:10889 misc:5608 imb:1233 pmb:735 smb:12432 d:- ref:0 ;
in:559 out:560 type:b dur:2 cpbdur:2 q:45.17 aq:43.54 tex:2356 mv:2553 misc:1531 imb:88 pmb:195 smb:14117 d:- ref:0 ;
in:562 out:561 type:P dur:2 cpbdur:2 q:45.11 aq:36.91 tex:61613 mv:25629 misc:9662 imb:2918 pmb:1969 smb:9513 d:- ref:0 ;
in:561 out:562 type:b dur:2 cpbdur:2 q:45.13 aq:43.05 tex:2393 mv:1279 misc:1784 imb:50 pmb:245 smb:14105 d:- ref:0 ;
in:564 out:563 type:P dur:2 cpbdur:2 q:45.20 aq:37.51 tex:10125 mv:3694 misc:3157 imb:380 pmb:376 smb:13644 d:- ref:0 ;
in:563 out:564 type:b dur:2 cpbdur:2 q:45.16 aq:41.79 tex:86 mv:59 misc:775 imb:0 pmb:34 smb:14366 d:- ref:0 ;
in:566 out:565 type:P dur:2 cpbdur:2 q:45.18 aq:38.28 tex:65584 mv:31018 misc:9094 imb:2530 pmb:2368 smb:9502 d:- ref:0 ;
in:565 out:566 type:b dur:2 cpbdur:2 q:45.19 aq:41.31 tex:746 mv:956 misc:2058 imb:26 pmb:328 smb:14046 d:- ref:0 ;
in:570 out:567 type:P dur:2 cpbdur:2 q:45.24 aq:38.77 tex:43138 mv:21633 misc:9661 imb:1129 pmb:2230 smb:11041 d:- ref:0 ;
in:568 out:568 type:B dur:2 cpbdur:2 q:45.21 aq:43.43 tex:713 mv:1284 misc:1379 imb:31 pmb:124 smb:14245 d:- ref:0 ;
in:567 out:569 type:b dur:2 cpbdur:2 q:45.19 aq:45.77 tex:431 mv:188 misc:1109 imb:0 pmb:93 smb:14307 d:- ref:0 ;
in:569 out:570 type:b dur:2 cpbdur:2 q:45.23 aq:44.37 tex:254 mv:279 misc:779 imb:7 pmb:24 smb:14369 d:- ref:0 ;
in:572 out:571 type:P dur:2 cpbdur:2 q:45.20 aq:40.19 tex:18391 mv:7554 misc:5863 imb:406 pmb:986 smb:13008 d:- ref:0 ;
in:571 out:572 type:b dur:2 cpbdur:2 q:45.22 aq:43.22 tex:196 mv:147 misc:777 imb:2 pmb:25 smb:14373 d:- ref:0 ;
in:574 out:573 type:P dur:2 cpbdur:2 q:45.18 aq:38.22 tex:6794 mv:3179 misc:3051 imb:332 pmb:278 smb:13790 d:- ref:0 ;
in:573 out:574 type:b dur:2 cpbdur:2 q:45.19 aq:41.32 tex:167 mv:122 misc:727 imb:5 pmb:11 smb:14384 d:- ref:0 ;
in:578 out:575 type:P dur:2 cpbdur:2 q:45.13 aq:35.75 tex:46650 mv:23480 misc:11566 imb:1791 pmb:2195 smb:10414 d:- ref:0 ;
in:576 out:576 type:B dur:2 cpbdur:2 q:45.16 aq:37.79 tex:1246 mv:1142 misc:1316 imb:42 pmb:131 smb:14227 d:- ref:0 ;
in:575 out:577 type:b dur:2 cpbdur:2 q:45.17 aq:45.06 tex:656 mv:527 misc:961 imb:24 pmb:53 smb:14323 d:- ref:0 ;
in:577 out:578 type:b dur:2 cpbdur:2 q:45.14 aq:44.63 tex:377 mv:164 misc:771 imb:3 pmb:32 smb:14365 d:- ref:0 ;
in:582 out:579 type:P dur:2 cpbdur:2 q:45.11 aq:38.89 tex:21864 mv:12450 misc:7214 imb:577 pmb:1441 smb:12382 d:- ref:0 ;
in:580 out:580 type:B dur:2 cpbdur:2 q:45.12 aq:42.70 tex:1003 mv:600 misc:965 imb:16 pmb:74 smb:14310 d:- ref:0 ;
in:579 out:581 type:b dur:2 cpbdur:2 q:45.13 aq:41.67 tex:179 mv:100 misc:801 imb:2 pmb:31 smb:14367 d:- ref:0 ;
in:581 out:582 type:b dur:2 cpbdur:2 q:45.12 aq:45.11 tex:237 mv:133 misc:854 imb:2 pmb:55 smb:14343 d:- ref:0 ;
in:584 out:583 type:P dur:2 cpbdur:2 q:45.04 aq:38.91 tex:28173 mv:13299 misc:7888 imb:691 pmb:1611 smb:12098 d:- ref:0 ;
in:583 out:584 type:b dur:2 cpbdur:2 q:45.08 aq:44.62 tex:527 mv:407 misc:850 imb:13 pmb:47 smb:14340 d:- ref:0 ;
in:586 out:585 type:P dur:2 cpbdur:2 q:45.00 aq:39.91 tex:11171 mv:5650 misc:4731 imb:367 pmb:679 smb:13354 d:- ref:0 ;
in:585 out:586 type:b dur:2 cpbdur:2 q:45.02 aq:42.73 tex:236 mv:180 misc:840 imb:3 pmb:38 smb:14359 d:- ref:0 ;
in:588 out:587 type:P dur:2 cpbdur:2 q:44.93 aq:38.45 tex:14973 mv:8061 misc:5206 imb:650 pmb:730 smb:13020 d:- ref:0 ;
in:587 out:588 type:b dur:2 cpbdur:2 q:44.97 aq:40.52 tex:185 mv:139 misc:740 imb:1 pmb:19 smb:14380 d:- ref:0 ;
in:590 out:589 type:P dur:2 cpbdur:2 q:44.87 aq:39.61 tex:14726 mv:8860 misc:4846 imb:716 pmb:834 smb:12850 d:- ref:0 ;
in:589 out:590 type:b dur:2 cpbdur:2 q:44.90 aq:41.60 tex:445 mv:376 misc:1083 imb:6 pmb:92 smb:14302 d:- ref:0 ;
in:592 out:591 type:P dur:2 cpbdur:2 q:44.81 aq:39.97 tex:12329 mv:7001 misc:4510 imb:491 pmb:699 smb:13210 d:- ref:0 ;
in:591 out:592 type:b dur:2 cpbdur:2 q:44.84 aq:43.25 tex:463 mv:489 misc:1024 imb:9 pmb:86 smb:14305 d:- ref:0 ;
in:594 out:593 type:P dur:2 cpbdur:2 q:44.75 aq:40.40 tex:11631 mv:5888 misc:4097 imb:448 pmb:574 smb:13378 d:- ref:0 ;
in:593 out:594 type:b dur:2 cpbdur:2 q:44.78 aq:45.19 tex:878 mv:605 misc:1245 imb:13 pmb:138 smb:14249 d:- ref:0 ;
in:596 out:595 type:P dur:2 cpbdur:2 q:44.68 aq:38.65 tex:14404 mv:7882 misc:4170 imb:800 pmb:556 smb:13044 d:- ref:0 ;
in:595 out:596 type:b dur:2 cpbdur:2 q:44.72 aq:43.08 tex:941 mv:607 misc:1132 imb:13 pmb:109 smb:14278 d:- ref:0 ;
in:600 out:597 type:P dur:2 cpbdur:2 q:44.62 aq:38.52 tex:34196 mv:22871 misc:8461 imb:1582 pmb:1512 smb:11306 d:- ref:0 ;
in:598 out:598 type:B dur:2 cpbdur:2 q:44.65 aq:36.84 tex:3575 mv:6504 misc:5753 imb:142 pmb:1318 smb:12940 d:- ref:0 ;
in:597 out:599 type:b dur:2 cpbdur:2 q:44.67 aq:41.11 tex:592 mv:363 misc:893 imb:4 pmb:58 smb:14338 d:- ref:0 ;
in:599 out:600 type:b dur:2 cpbdur:2 q:44.63 aq:43.35 tex:4576 mv:9537 misc:4807 imb:121 pmb:1066 smb:13213 d:- ref:0 ;
in:602 out:601 type:P dur:2 cpbdur:2 q:44.50 aq:41.33 tex:15365 mv:14431 misc:6852 imb:664 pmb:1305 smb:12431 d:- ref:0 ;
in:601 out:602 type:b dur:2 cpbdur:2 q:44.56 aq:45.74 tex:1099 mv:1403 misc:2106 imb:13 pmb:331 smb:14056 d:- ref:0 ;
in:604 out:603 type:P dur:2 cpbdur:2 q:44.45 aq:40.56 tex:14390 mv:13914 misc:6440 imb:859 pmb:1186 smb:12355 d:- ref:0 ;
in:603 out:604 type:b dur:2 cpbdur:2 q:44.48 aq:40.57 tex:1888 mv:3348 misc:3732 imb:60 pmb:743 smb:13597 d:- ref:0 ;
in:605 out:605 type:P dur:2 cpbdur:2 q:44.40 aq:40.93 tex:41266 mv:28319 misc:9175 imb:2227 pmb:1476 smb:10697 d:- ref:0 ;
in:607 out:606 type:P dur:2 cpbdur:2 q:44.38 aq:41.45 tex:111155 mv:45149 misc:8800 imb:6617 pmb:1386 smb:6397 d:- ref:0 ;
in:606 out:607 type:b dur:2 cpbdur:2 q:44.39 aq:40.54 tex:28415 mv:37370 misc:10759 imb:1457 pmb:2607 smb:10336 d:- ref:0 ;
in:608 out:608 type:P dur:2 cpbdur:2 q:44.36 aq:41.09 tex:118236 mv:45189 misc:9591 imb:6106 pmb:1526 smb:6768 d:- ref:0 ;
in:610 out:609 type:P dur:2 cpbdur:2 q:44.36 aq:42.29 tex:161859 mv:49198 misc:8583 imb:7318 pmb:1321 smb:5761 d:- ref:0 ;
in:609 out:610 type:b dur:2 cpbdur:2 q:44.36 aq:42.31 tex:37549 mv:39173 misc:10606 imb:1493 pmb:2726 smb:10181 d:- ref:0 ;
in:611 out:611 type:P dur:2 cpbdur:2 q:44.34 aq:41.77 tex:119082 mv:47442 misc:10148 imb:5513 pmb:1922 smb:6965 d:- ref:0 ;
in:615 out:612 type:P dur:2 cpbdur:2 q:44.34 aq:40.88 tex:136222 mv:51995 misc:10223 imb:5735 pmb:2170 smb:6495 d:- ref:0 ;
in:613 out:613 type:B dur:2 cpbdur:2 q:44.34 aq:42.60 tex:23499 mv:28553 misc:10124 imb:773 pmb:2620 smb:11007 d:- ref:0 ;
in:612 out:614 type:b dur:2 cpbdur:2 q:44.34 aq:43.24 tex:15696 mv:21921 misc:8879 imb:674 pmb:2082 smb:11644 d:- ref:0 ;
in:614 out:615 type:b dur:2 cpbdur:2 q:44.34 aq:45.40 tex:4378 mv:7887 misc:4735 imb:131 pmb:928 smb:13341 d:- ref:0 ;
in:618 out:616 type:P dur:2 cpbdur:2 q:44.30 aq:41.36 tex:70233 mv:38114 misc:10901 imb:3324 pmb:2058 smb:9018 d:- ref:0 ;
in:616 out:617 type:B dur:2 cpbdur:2 q:44.32 aq:43.57 tex:17245 mv:25215 misc:8612 imb:662 pmb:2143 smb:11595 d:- ref:0 ;
in:617 out:618 type:b dur:2 cpbdur:2 q:44.31 aq:43.91 tex:8838 mv:17351 misc:7019 imb:284 pmb:1701 smb:12415 d:- ref:0 ;
in:620 out:619 type:P dur:2 cpbdur:2 q:44.26 aq:41.69 tex:59580 mv:34776 misc:10612 imb:2773 pmb:1978 smb:9649 d:- ref:0 ;
in:619 out:620 type:b dur:2 cpbdur:2 q:44.28 aq:44.66 tex:10315 mv:22917 misc:7880 imb:405 pmb:2005 smb:11990 d:- ref:0 ;
in:622 out:621 type:P dur:2 cpbdur:2 q:44.24 aq:40.34 tex:113704 mv:47922 misc:11990 imb:4672 pmb:2402 smb:7326 d:- ref:0 ;
in:621 out:622 type:b dur:2 cpbdur:2 q:44.25 aq:43.18 tex:12345 mv:22840 misc:8719 imb:547 pmb:2089 smb:11764 d:- ref:0 ;
in:623 out:623 type:P dur:2 cpbdur:2 q:44.25 aq:40.90 tex:52969 mv:32947 misc:10892 imb:2303 pmb:2098 smb:9999 d:- ref:0 ;
in:624 out:624 type:P dur:2 cpbdur:2 q:44.30 aq:40.44 tex:60137 mv:36420 misc:11435 imb:2732 pmb:2234 smb:9434 d:- ref:0 ;
in:626 out:625 type:P dur:2 cpbdur:2 q:44.33 aq:40.59 tex:67768 mv:36788 misc:11292 imb:2940 pmb:2178 smb:9282 d:- ref:0 ;
in:625 out:626 type:b dur:2 cpbdur:2 q:44.32 aq:44.44 tex:8306 mv:17784 misc:6902 imb:303 pmb:1676 smb:12421 d:- ref:0 ;
in:628 out:627 type:P dur:2 cpbdur:2 q:44.47 aq:40.99 tex:54137 mv:33297 misc:10574 imb:2606 pmb:1860 smb:9934 d:- ref:0 ;
in:627 out:628 type:b dur:2 cpbdur:2 q:44.40 aq:44.35 tex:9739 mv:19863 misc:7262 imb:351 pmb:1708 smb:12341 d:- ref:0 ;
in:630 out:629 type:P dur:2 cpbdur:2 q:44.56 aq:40.93 tex:63376 mv:38396 misc:11348 imb:3354 pmb:1968 smb:9078 d:- ref:0 ;
in:629 out:630 type:b dur:2 cpbdur:2 q:44.52 aq:43.33 tex:10931 mv:22191 misc:8918 imb:439 pmb:2154 smb:11807 d:- ref:0 ;
in:632 out:631 type:P dur:2 cpbdur:2 q:44.65 aq:41.11 tex:69611 mv:38197 misc:10872 imb:3609 pmb:1840 smb:8951 d:- ref:0 ;
in:631 out:632 type:b dur:2 cpbdur:2 q:44.61 aq:43.32 tex:12349 mv:25204 misc:8607 imb:593 pmb:2082 smb:11725 d:- ref:0 ;
in:633 out:633 type:P dur:2 cpbdur:2 q:44.66 aq:41.56 tex:34575 mv:28419 misc:10310 imb:1674 pmb:1761 smb:10965 d:- ref:0 ;
in:634 out:634 type:P dur:2 cpbdur:2 q:44.69 aq:40.64 tex:51707 mv:35839 misc:11126 imb:2571 pmb:1942 smb:9887 d:- ref:0 ;
in:638 out:635 type:P dur:2 cpbdur:2 q:44.71 aq:41.77 tex:69284 mv:40059 misc:10145 imb:5042 pmb:1443 smb:7915 d:- ref:0 ;
in:636 out:636 type:B dur:2 cpbdur:2 q:44.70 aq:42.10 tex:22717 mv:36680 misc:10683 imb:945 pmb:2860 smb:10595 d:- ref:0 ;
in:635 out:637 type:b dur:2 cpbdur:2 q:44.70 aq:44.11 tex:6841 mv:17684 misc:7339 imb:276 pmb:1740 smb:12384 d:- ref:0 ;
in:637 out:638 type:b dur:2 cpbdur:2 q:44.70 aq:42.47 tex:16229 mv:28576 misc:9235 imb:898 pmb:2122 smb:11380 d:- ref:0 ;
in:640 out:639 type:P dur:2 cpbdur:2 q:44.76 aq:40.09 tex:139299 mv:53869 misc:8576 imb:8241 pmb:1498 smb:4661 d:- ref:0 ;
in:639 out:640 type:b dur:2 cpbdur:2 q:44.73 aq:41.99 tex:20831 mv:33190 misc:10347 imb:1205 pmb:2441 smb:10754 d:- ref:0 ;
in:641 out:641 type:P dur:2 cpbdur:2 q:44.78 aq:41.43 tex:23985 mv:23800 misc:9127 imb:1346 pmb:1540 smb:11514 d:- ref:0 ;
in:642 out:642 type:P dur:2 cpbdur:2 q:44.80 aq:40.16 tex:40558 mv:30659 misc:10343 imb:2528 pmb:1566 smb:10306 d:- ref:0 ;
in:643 out:643 type:P dur:2 cpbdur:2 q:44.81 aq:41.82 tex:27808 mv:25318 misc:9378 imb:1843 pmb:1395 smb:11162 d:- ref:0 ;
in:644 out:644 type:I dur:2 cpbdur:2 q:41.69 aq:37.81 tex:389320 mv:122913 misc:663 imb:14400 pmb:0 smb:0 d:- ref:;
in:645 out:645 type:P dur:2 cpbdur:2 q:44.92 aq:41.12 tex:58532 mv:34675 misc:9521 imb:3085 pmb:1496 smb:9819 d:- ref:0 ;
in:647 out:646 type:P dur:2 cpbdur:2 q:44.91 aq:38.65 tex:248031 mv:67081 misc:4896 imb:10495 pmb:1238 smb:2667 d:- ref:0 ;
in:646 out:647 type:b dur:2 cpbdur:2 q:44.91 aq:41.62 tex:31485 mv:34183 misc:10292 imb:1309 pmb:2483 smb:10608 d:- ref:0 ;
in:650 out:648 type:P dur:2 cpbdur:2 q:44.93 aq:39.79 tex:108363 mv:45982 misc:9887 imb:4683 pmb:2034 smb:7683 d:- ref:0 ;
in:648 out:649 type:B dur:2 cpbdur:2 q:44.92 aq:40.02 tex:2129 mv:2544 misc:4503 imb:72 pmb:949 smb:13379 d:- ref:0 ;
in:649 out:650 type:b dur:2 cpbdur:2 q:44.92 aq:43.26 tex:28232 mv:35269 misc:10147 imb:1264 pmb:2745 smb:10391 d:- ref:0 ;
in:651 out:651 type:P dur:2 cpbdur:2 q:44.92 aq:40.77 tex:51596 mv:30877 misc:9679 imb:1982 pmb:1982 smb:10436 d:- ref:0 ;
in:654 out:652 type:P dur:2 cpbdur:2 q:44.93 aq:40.71 tex:105275 mv:47315 misc:9898 imb:5478 pmb:1778 smb:7144 d:- ref:0 ;
in:652 out:653 type:B dur:2 cpbdur:2 q:44.93 aq:41.18 tex:1849 mv:2431 misc:3712 imb:67 pmb:771 smb:13562 d:- ref:0 ;
in:653 out:654 type:b dur:2 cpbdur:2 q:44.93 aq:42.98 tex:27938 mv:34535 misc:10319 imb:1310 pmb:2698 smb:10392 d:- ref:0 ;
in:657 out:655 type:P dur:2 cpbdur:2 q:44.95 aq:40.27 tex:121847 mv:52340 misc:10309 imb:5596 pmb:1919 smb:6885 d:- ref:0 ;
in:655 out:656 type:B dur:2 cpbdur:2 q:44.94 aq:42.57 tex:29362 mv:36060 misc:10738 imb:1139 pmb:2899 smb:10362 d:- ref:0 ;
in:656 out:657 type:b dur:2 cpbdur:2 q:44.95 aq:42.42 tex:2885 mv:4189 misc:6454 imb:93 pmb:1589 smb:12718 d:- ref:0 ;
in:658 out:658 type:P dur:2 cpbdur:2 q:45.02 aq:41.03 tex:69941 mv:37427 misc:10048 imb:2887 pmb:1962 smb:9551 d:- ref:0 ;
in:660 out:659 type:P dur:2 cpbdur:2 q:45.02 aq:40.39 tex:129129 mv:48762 misc:9901 imb:5614 pmb:1776 smb:7010 d:- ref:0 ;
in:659 out:660 type:b dur:2 cpbdur:2 q:45.02 aq:43.52 tex:20884 mv:30464 misc:9596 imb:881 pmb:2560 smb:10959 d:- ref:0 ;
in:662 out:661 type:P dur:2 cpbdur:2 q:45.04 aq:39.98 tex:105866 mv:47959 misc:10759 imb:3665 pmb:2373 smb:8362 d:- ref:0 ;
in:661 out:662 type:b dur:2 cpbdur:2 q:45.03 aq:44.16 tex:11423 mv:22163 misc:8798 imb:353 pmb:2365 smb:11682 d:- ref:0 ;
in:666 out:663 type:P dur:2 cpbdur:2 q:45.16 aq:41.67 tex:92390 mv:46157 misc:9837 imb:4181 pmb:2134 smb:8085 d:- ref:0 ;
in:664 out:664 type:B dur:2 cpbdur:2 q:45.10 aq:42.84 tex:31949 mv:37347 misc:10032 imb:1163 pmb:2864 smb:10373 d:- ref:0 ;
in:663 out:665 type:b dur:2 cpbdur:2 q:45.07 aq:48.71 tex:530 mv:99 misc:915 imb:1 pmb:47 smb:14352 d:- ref:0 ;
in:665 out:666 type:b dur:2 cpbdur:2 q:45.13 aq:45.01 tex:14123 mv:23237 misc:8232 imb:376 pmb:2235 smb:11789 d:- ref:0 ;
in:667 out:667 type:P dur:2 cpbdur:2 q:45.32 aq:42.75 tex:31795 mv:27174 misc:9791 imb:1531 pmb:1778 smb:11091 d:- ref:0 ;
in:668 out:668 type:P dur:2 cpbdur:2 q:45.35 aq:41.42 tex:77676 mv:45083 misc:10873 imb:3840 pmb:2190 smb:8370 d:- ref:0 ;
in:670 out:669 type:P dur:2 cpbdur:2 q:45.39 aq:41.70 tex:68019 mv:40605 misc:10840 imb:3244 pmb:2050 smb:9106 d:- ref:0 ;
in:669 out:670 type:b dur:2 cpbdur:2 q:45.37 aq:44.71 tex:11274 mv:20616 misc:8094 imb:349 pmb:2084 smb:11967 d:- ref:0 ;
in:671 out:671 type:P dur:2 cpbdur:2 q:45.43 aq:42.16 tex:49365 mv:33209 misc:10522 imb:2179 pmb:2045 smb:10176 d:- ref:0 ;
in:673 out:672 type:P dur:2 cpbdur:2 q:45.45 aq:39.91 tex:58136 mv:34592 misc:10992 imb:3333 pmb:1758 smb:9309 d:- ref:0 ;
in:672 out:673 type:b dur:2 cpbdur:2 q:45.44 aq:40.58 tex:2929 mv:4524 misc:6315 imb:116 pmb:1529 smb:12755 d:- ref:0 ;
in:674 out:674 type:P dur:2 cpbdur:2 q:45.53 aq:41.10 tex:50805 mv:31657 misc:9754 imb:2970 pmb:1700 smb:9730 d:- ref:0 ;
in:676 out:675 type:P dur:2 cpbdur:2 q:45.52 aq:41.01 tex:70127 mv:35592 misc:9137 imb:4287 pmb:1434 smb:8679 d:- ref:0 ;
in:675 out:676 type:b dur:2 cpbdur:2 q:45.52 aq:44.15 tex:22782 mv:25460 misc:7318 imb:1004 pmb:1882 smb:11514 d:- ref:0 ;
in:678 out:677 type:P dur:2 cpbdur:2 q:45.60 aq:42.88 tex:71820 mv:34571 misc:8553 imb:3998 pmb:1482 smb:8920 d:- ref:0 ;
in:677 out:678 type:b dur:2 cpbdur:2 q:45.56 aq:44.95 tex:26893 mv:26964 misc:7447 imb:940 pmb:2032 smb:11428 d:- ref:0 ;
in:680 out:679 type:P dur:2 cpbdur:2 q:45.66 aq:42.65 tex:133843 mv:50497 misc:9276 imb:5385 pmb:1809 smb:7206 d:- ref:0 ;
in:679 out:680 type:b dur:2 cpbdur:2 q:45.63 aq:44.32 tex:21368 mv:31827 misc:9965 imb:742 pmb:2787 smb:10871 d:- ref:0 ;
in:681 out:681 type:P dur:2 cpbdur:2 q:45.71 aq:42.22 tex:72977 mv:41976 misc:10943 imb:2849 pmb:2301 smb:9250 d:- ref:0 ;
in:684 out:682 type:P dur:2 cpbdur:2 q:45.74 aq:41.01 tex:103485 mv:54933 misc:11790 imb:4365 pmb:2706 smb:7329 d:- ref:0 ;
in:682 out:683 type:B dur:2 cpbdur:2 q:45.72 aq:41.95 tex:11237 mv:12253 misc:8958 imb:403 pmb:2128 smb:11869 d:- ref:0 ;
in:683 out:684 type:b dur:2 cpbdur:2 q:45.73 aq:44.90 tex:16531 mv:28386 misc:9059 imb:595 pmb:2479 smb:11326 d:- ref:0 ;
in:686 out:685 type:P dur:2 cpbdur:2 q:45.72 aq:43.20 tex:30251 mv:27106 misc:9603 imb:1460 pmb:1765 smb:11175 d:- ref:0 ;
in:685 out:686 type:b dur:2 cpbdur:2 q:45.73 aq:44.74 tex:1152 mv:1990 misc:3866 imb:43 pmb:826 smb:13531 d:- ref:0 ;
in:688 out:687 type:P dur:2 cpbdur:2 q:45.74 aq:42.28 tex:106290 mv:48612 misc:9346 imb:5984 pmb:1514 smb:6902 d:- ref:0 ;
in:687 out:688 type:b dur:2 cpbdur:2 q:45.73 aq:44.32 tex:34718 mv:38699 misc:10639 imb:1428 pmb:2768 smb:10204 d:- ref:0 ;
in:690 out:689 type:P dur:2 cpbdur:2 q:45.75 aq:42.13 tex:125185 mv:51044 misc:9163 imb:6892 pmb:1782 smb:5726 d:- ref:0 ;
in:689 out:690 type:b dur:2 cpbdur:2 q:45.75 aq:44.49 tex:40399 mv:39871 misc:10074 imb:1807 pmb:3052 smb:9541 d:- ref:0 ;
in:692 out:691 type:P dur:2 cpbdur:2 q:45.75 aq:41.62 tex:113386 mv:48527 misc:8831 imb:6112 pmb:1831 smb:6457 d:- ref:0 ;
in:691 out:692 type:b dur:2 cpbdur:2 q:45.75 aq:44.08 tex:30987 mv:35981 misc:10224 imb:1460 pmb:2800 smb:10140 d:- ref:0 ;
in:694 out:693 type:P dur:2 cpbdur:2 q:45.78 aq:40.60 tex:122892 mv:52061 misc:9431 imb:5888 pmb:1923 smb:6589 d:- ref:0 ;
in:693 out:694 type:b dur:2 cpbdur:2 q:45.77 aq:44.68 tex:25310 mv:29323 misc:9319 imb:868 pmb:2557 smb:10975 d:- ref:0 ;
in:698 out:695 type:P dur:2 cpbdur:2 q:45.81 aq:41.74 tex:83559 mv:44665 misc:9704 imb:5304 pmb:1688 smb:7408 d:- ref:0 ;
in:696 out:696 type:B dur:2 cpbdur:2 q:45.80 aq:44.01 tex:29714 mv:37237 misc:10433 imb:1285 pmb:2942 smb:10173 d:- ref:0 ;
in:695 out:697 type:b dur:2 cpbdur:2 q:45.79 aq:45.65 tex:937 mv:230 misc:1209 imb:3 pmb:104 smb:14293 d:- ref:0 ;
in:697 out:698 type:b dur:2 cpbdur:2 q:45.80 aq:44.51 tex:1761 mv:2431 misc:4136 imb:74 pmb:896 smb:13430 d:- ref:0 ;
in:700 out:699 type:P dur:2 cpbdur:2 q:45.90 aq:43.24 tex:46742 mv:30327 misc:9387 imb:3223 pmb:1285 smb:9892 d:- ref:0 ;
in:699 out:700 type:b dur:2 cpbdur:2 q:45.86 aq:44.32 tex:14135 mv:21922 misc:8759 imb:545 pmb:2224 smb:11631 d:- ref:0 ;
in:701 out:701 type:P dur:2 cpbdur:2 q:45.92 aq:42.75 tex:82574 mv:42354 misc:8768 imb:7136 pmb:1025 smb:6239 d:- ref:0 ;
in:702 out:702 type:P dur:2 cpbdur:2 q:45.93 aq:42.98 tex:107672 mv:47031 misc:7665 imb:8857 pmb:1013 smb:4530 d:- ref:0 ;
in:703 out:703 type:P dur:2 cpbdur:2 q:45.95 aq:43.09 tex:93616 mv:44530 misc:8734 imb:8000 pmb:991 smb:5409 d:- ref:0 ;
in:704 out:704 type:P dur:2 cpbdur:2 q:45.95 aq:41.09 tex:152147 mv:57601 misc:6700 imb:10562 pmb:1260 smb:2578 d:- ref:0 ;
in:708 out:705 type:P dur:2 cpbdur:2 q:46.01 aq:41.74 tex:79378 mv:44457 misc:11437 imb:4641 pmb:1933 smb:7826 d:- ref:0 ;
in:706 out:706 type:B dur:2 cpbdur:2 q:45.98 aq:42.16 tex:34956 mv:44705 misc:11283 imb:1943 pmb:2967 smb:9490 d:- ref:0 ;
in:705 out:707 type:b dur:2 cpbdur:2 q:45.97 aq:44.42 tex:15596 mv:25208 misc:9516 imb:725 pmb:2360 smb:11315 d:- ref:0 ;
in:707 out:708 type:b dur:2 cpbdur:2 q:46.00 aq:44.22 tex:15196 mv:24175 misc:9285 imb:766 pmb:2237 smb:11397 d:- ref:0 ;
in:710 out:709 type:P dur:2 cpbdur:2 q:46.17 aq:43.54 tex:38109 mv:29271 misc:10484 imb:2234 pmb:1642 smb:10524 d:- ref:0 ;
in:709 out:710 type:b dur:2 cpbdur:2 q:46.09 aq:45.39 tex:2189 mv:2982 misc:4477 imb:70 pmb:989 smb:13341 d:- ref:0 ;
in:713 out:711 type:P dur:2 cpbdur:2 q:46.24 aq:43.53 tex:101696 mv:46016 misc:6984 imb:9432 pmb:907 smb:4061 d:- ref:0 ;
in:711 out:712 type:B dur:2 cpbdur:2 q:46.20 aq:44.49 tex:21117 mv:33069 misc:10438 imb:1054 pmb:2643 smb:10703 d:- ref:0 ;
in:712 out:713 type:b dur:2 cpbdur:2 q:46.22 aq:44.04 tex:38299 mv:40957 misc:11296 imb:2201 pmb:2752 smb:9447 d:- ref:0 ;
in:714 out:714 type:P dur:2 cpbdur:2 q:46.31 aq:42.29 tex:100597 mv:46088 misc:7139 imb:9541 pmb:974 smb:3885 d:- ref:0 ;
in:716 out:715 type:P dur:2 cpbdur:2 q:46.30 aq:43.28 tex:79872 mv:41030 misc:8354 imb:7367 pmb:1060 smb:5973 d:- ref:0 ;
in:715 out:716 type:b dur:2 cpbdur:2 q:46.30 aq:45.56 tex:2268 mv:2515 misc:3537 imb:69 pmb:706 smb:13625 d:- ref:0 ;
in:717 out:717 type:P dur:2 cpbdur:2 q:46.29 aq:41.93 tex:123635 mv:50472 misc:5213 imb:11197 pmb:804 smb:2399 d:- ref:0 ;
in:720 out:718 type:P dur:2 cpbdur:2 q:46.31 aq:43.21 tex:94784 mv:43551 misc:8913 imb:7332 pmb:1092 smb:5976 d:- ref:0 ;
in:718 out:719 type:B dur:2 cpbdur:2 q:46.30 aq:42.89 tex:43920 mv:44232 misc:11344 imb:2061 pmb:2879 smb:9460 d:- ref:0 ;
in:719 out:720 type:b dur:2 cpbdur:2 q:46.30 aq:44.45 tex:30408 mv:35478 misc:10170 imb:1563 pmb:2431 smb:10406 d:- ref:0 ;
in:721 out:721 type:P dur:2 cpbdur:2 q:46.40 aq:42.95 tex:98990 mv:44530 misc:7944 imb:7740 pmb:1051 smb:5609 d:- ref:0 ;
in:722 out:722 type:P dur:2 cpbdur:2 q:46.47 aq:41.81 tex:84692 mv:44940 misc:10232 imb:6027 pmb:1485 smb:6888 d:- ref:0 ;
in:726 out:723 type:P dur:2 cpbdur:2 q:46.51 aq:41.70 tex:112882 mv:52429 misc:9417 imb:7118 pmb:1662 smb:5620 d:- ref:0 ;
in:724 out:724 type:B dur:2 cpbdur:2 q:46.49 aq:42.78 tex:47176 mv:52035 misc:11885 imb:2240 pmb:3336 smb:8824 d:- ref:0 ;
in:723 out:725 type:b dur:2 cpbdur:2 q:46.48 aq:45.93 tex:17402 mv:26414 misc:9464 imb:699 pmb:2625 smb:11076 d:- ref:0 ;
in:725 out:726 type:b dur:2 cpbdur:2 q:46.50 aq:44.82 tex:39998 mv:42111 misc:10507 imb:1937 pmb:2875 smb:9588 d:- ref:0 ;
in:728 out:727 type:P dur:2 cpbdur:2 q:46.51 aq:41.72 tex:65585 mv:39592 misc:10663 imb:3541 pmb:1803 smb:9056 d:- ref:0 ;
in:727 out:728 type:b dur:2 cpbdur:2 q:46.51 aq:44.70 tex:15563 mv:24353 misc:8420 imb:621 pmb:2206 smb:11573 d:- ref:0 ;
in:730 out:729 type:P dur:2 cpbdur:2 q:46.52 aq:42.74 tex:29811 mv:26212 misc:9169 imb:1670 pmb:1551 smb:11179 d:- ref:0 ;
in:729 out:730 type:b dur:2 cpbdur:2 q:46.52 aq:44.19 tex:2071 mv:4020 misc:5797 imb:73 pmb:1432 smb:12895 d:- ref:0 ;
in:732 out:731 type:P dur:2 cpbdur:2 q:46.53 aq:41.84 tex:65376 mv:41603 misc:10645 imb:4050 pmb:1760 smb:8590 d:- ref:0 ;
in:731 out:732 type:b dur:2 cpbdur:2 q:46.52 aq:44.91 tex:21115 mv:27947 misc:9042 imb:883 pmb:2329 smb:11188 d:- ref:0 ;
in:734 out:733 type:P dur:2 cpbdur:2 q:46.58 aq:42.57 tex:52882 mv:33413 misc:10329 imb:3570 pmb:1481 smb:9349 d:- ref:0 ;
in:733 out:734 type:b dur:2 cpbdur:2 q:46.55 aq:44.97 tex:15043 mv:22725 misc:8552 imb:645 pmb:2215 smb:11540 d:- ref:0 ;
in:738 out:735 type:P dur:2 cpbdur:2 q:46.61 aq:40.82 tex:101634 mv:49500 misc:11298 imb:5747 pmb:1939 smb:6714 d:- ref:0 ;
in:736 out:736 type:B dur:2 cpbdur:2 q:46.60 aq:42.24 tex:31832 mv:39592 misc:11200 imb:1515 pmb:2943 smb:9942 d:- ref:0 ;
in:735 out:737 type:b dur:2 cpbdur:2 q:46.59 aq:44.52 tex:20551 mv:33395 misc:10174 imb:1144 pmb:2684 smb:10572 d:- ref:0 ;
in:737 out:738 type:b dur:2 cpbdur:2 q:46.60 aq:46.15 tex:9518 mv:19640 misc:7586 imb:344 pmb:1943 smb:12113 d:- ref:0 ;
in:740 out:739 type:P dur:2 cpbdur:2 q:46.73 aq:42.27 tex:28045 mv:26378 misc:10025 imb:1756 pmb:1591 smb:11053 d:- ref:0 ;
in:739 out:740 type:b dur:2 cpbdur:2 q:46.67 aq:47.64 tex:5046 mv:11952 misc:5658 imb:149 pmb:1312 smb:12939 d:- ref:0 ;
in:742 out:741 type:P dur:2 cpbdur:2 q:46.79 aq:43.10 tex:33501 mv:28913 misc:10610 imb:2508 pmb:1458 smb:10434 d:- ref:0 ;
in:741 out:742 type:b dur:2 cpbdur:2 q:46.76 aq:45.75 tex:8282 mv:16675 misc:7083 imb:345 pmb:1683 smb:12372 d:- ref:0 ;
in:744 out:743 type:P dur:2 cpbdur:2 q:46.82 aq:42.60 tex:100631 mv:48191 misc:6514 imb:9875 pmb:781 smb:3744 d:- ref:0 ;
in:743 out:744 type:b dur:2 cpbdur:2 q:46.81 aq:45.37 tex:24394 mv:28601 misc:8957 imb:1218 pmb:2225 smb:10957 d:- ref:0 ;
in:745 out:745 type:P dur:2 cpbdur:2 q:46.87 aq:44.00 tex:60962 mv:34743 misc:9215 imb:4423 pmb:1199 smb:8778 d:- ref:0 ;
in:746 out:746 type:I dur:2 cpbdur:2 q:43.54 aq:38.40 tex:361950 mv:95719 misc:579 imb:14400 pmb:0 smb:0 d:- ref:;
in:748 out:747 type:P dur:2 cpbdur:2 q:46.96 aq:44.14 tex:115833 mv:50262 misc:7361 imb:7606 pmb:1314 smb:5480 d:- ref:0 ;
in:747 out:748 type:b dur:2 cpbdur:2 q:46.96 aq:45.59 tex:39865 mv:39367 misc:9880 imb:1558 pmb:2988 smb:9854 d:- ref:0 ;
in:750 out:749 type:P dur:2 cpbdur:2 q:46.97 aq:43.07 tex:116277 mv:52795 misc:6552 imb:9445 pmb:1195 smb:3760 d:- ref:0 ;
in:749 out:750 type:b dur:2 cpbdur:2 q:46.97 aq:45.29 tex:35957 mv:36572 misc:9791 imb:1711 pmb:2650 smb:10039 d:- ref:0 ;
in:752 out:751 type:P dur:2 cpbdur:2 q:47.00 aq:42.89 tex:95192 mv:48105 misc:8639 imb:7859 pmb:1314 smb:5227 d:- ref:0 ;
in:751 out:752 type:b dur:2 cpbdur:2 q:46.99 aq:45.78 tex:33237 mv:37217 misc:10138 imb:1586 pmb:2787 smb:10027 d:- ref:0 ;
in:755 out:753 type:P dur:2 cpbdur:2 q:47.03 aq:42.80 tex:101133 mv:49492 misc:5927 imb:8976 pmb:1053 smb:4371 d:- ref:0 ;
in:753 out:754 type:B dur:2 cpbdur:2 q:47.01 aq:43.99 tex:47104 mv:50526 misc:10906 imb:2904 pmb:2779 smb:8717 d:- ref:0 ;
in:754 out:755 type:b dur:2 cpbdur:2 q:47.02 aq:45.31 tex:44598 mv:39840 misc:10922 imb:1840 pmb:3218 smb:9342 d:- ref:0 ;
in:758 out:756 type:P dur:2 cpbdur:2 q:47.04 aq:42.16 tex:92884 mv:46622 misc:7190 imb:7400 pmb:1165 smb:5835 d:- ref:0 ;
in:756 out:757 type:B dur:2 cpbdur:2 q:47.03 aq:43.41 tex:50178 mv:41723 misc:10435 imb:2047 pmb:3173 smb:9180 d:- ref:0 ;
in:757 out:758 type:b dur:2 cpbdur:2 q:47.03 aq:44.74 tex:28208 mv:28860 misc:9284 imb:1192 pmb:2465 smb:10743 d:- ref:0 ;
in:760 out:759 type:P dur:2 cpbdur:2 q:47.02 aq:42.66 tex:76817 mv:43008 misc:8255 imb:5912 pmb:1322 smb:7166 d:- ref:0 ;
in:759 out:760 type:b dur:2 cpbdur:2 q:47.03 aq:45.65 tex:30114 mv:27660 misc:8770 imb:1061 pmb:2408 smb:10931 d:- ref:0 ;
in:762 out:761 type:P dur:2 cpbdur:2 q:47.04 aq:42.65 tex:77946 mv:46951 misc:8919 imb:7167 pmb:1281 smb:5952 d:- ref:0 ;
in:761 out:762 type:b dur:2 cpbdur:2 q:47.03 aq:45.83 tex:17664 mv:21672 misc:8104 imb:763 pmb:1968 smb:11669 d:- ref:0 ;
in:764 out:763 type:P dur:2 cpbdur:2 q:47.06 aq:42.79 tex:71573 mv:45419 misc:10072 imb:6541 pmb:1309 smb:6550 d:- ref:0 ;
in:763 out:764 type:b dur:2 cpbdur:2 q:47.05 aq:45.94 tex:16375 mv:19731 misc:7342 imb:630 pmb:1809 smb:11961 d:- ref:0 ;
in:766 out:765 type:P dur:2 cpbdur:2 q:47.20 aq:43.18 tex:94416 mv:50115 misc:8397 imb:8843 pmb:1103 smb:4454 d:- ref:0 ;
in:765 out:766 type:b dur:2 cpbdur:2 q:47.13 aq:45.54 tex:27041 mv:30399 misc:9136 imb:1377 pmb:2230 smb:10793 d:- ref:0 ;
in:767 out:767 type:P dur:2 cpbdur:2 q:47.27 aq:42.78 tex:72913 mv:44928 misc:9479 imb:7062 pmb:1220 smb:6118 d:- ref:0 ;
in:768 out:768 type:P dur:2 cpbdur:2 q:47.29 aq:41.69 tex:90725 mv:47646 misc:11869 imb:5829 pmb:1770 smb:6801 d:- ref:0 w:6,61,2,6,64,0,61,6 ;
in:770 out:769 type:P dur:2 cpbdur:2 q:47.34 aq:41.37 tex:88024 mv:50708 misc:8972 imb:7935 pmb:1293 smb:5172 d:- ref:0 ;
in:769 out:770 type:b dur:2 cpbdur:2 q:47.32 aq:44.03 tex:3697 mv:3293 misc:6162 imb:83 pmb:1571 smb:12746 d:- ref:0 ;
in:772 out:771 type:P dur:2 cpbdur:2 q:47.40 aq:41.36 tex:80557 mv:48202 misc:9633 imb:7123 pmb:1400 smb:5877 d:- ref:0 ;
in:771 out:772 type:b dur:2 cpbdur:2 q:47.37 aq:44.84 tex:27077 mv:28741 misc:9374 imb:1247 pmb:2506 smb:10647 d:- ref:0 ;
in:774 out:773 type:P dur:2 cpbdur:2 q:47.46 aq:41.19 tex:108674 mv:53008 misc:8030 imb:9007 pmb:1162 smb:4231 d:- ref:0 ;
in:773 out:774 type:b dur:2 cpbdur:2 q:47.43 aq:43.90 tex:30640 mv:34490 misc:10390 imb:2128 pmb:2713 smb:9559 d:- ref:0 ;
in:776 out:775 type:P dur:2 cpbdur:2 q:47.54 aq:41.93 tex:64776 mv:42847 misc:9577 imb:6945 pmb:1310 smb:6145 d:- ref:0 ;
in:775 out:776 type:b dur:2 cpbdur:2 q:47.50 aq:44.01 tex:4131 mv:4573 misc:6592 imb:146 pmb:1581 smb:12673 d:- ref:0 ;
in:778 out:777 type:P dur:2 cpbdur:2 q:47.59 aq:42.00 tex:101073 mv:49732 misc:6643 imb:10313 pmb:865 smb:3222 d:- ref:0 ;
in:777 out:778 type:b dur:2 cpbdur:2 q:47.57 aq:44.83 tex:34205 mv:38711 misc:10900 imb:2012 pmb:2785 smb:9603 d:- ref:0 ;
in:782 out:779 type:P dur:2 cpbdur:2 q:47.64 aq:42.23 tex:91948 mv:50505 misc:8643 imb:8569 pmb:1321 smb:4510 d:- ref:0 ;
in:780 out:780 type:B dur:2 cpbdur:2 q:47.62 aq:40.92 tex:71449 mv:69854 misc:11025 imb:4845 pmb:3411 smb:6144 d:- ref:0 ;
in:779 out:781 type:b dur:2 cpbdur:2 q:47.60 aq:48.01 tex:590 mv:224 misc:1114 imb:5 pmb:86 smb:14309 d:- ref:0 ;
in:781 out:782 type:b dur:2 cpbdur:2 q:47.63 aq:45.63 tex:24016 mv:27323 misc:9797 imb:963 pmb:2536 smb:10901 d:- ref:0 ;
in:784 out:783 type:P dur:2 cpbdur:2 q:47.70 aq:41.77 tex:90558 mv:49411 misc:7247 imb:9419 pmb:971 smb:4010 d:- ref:0 ;
in:783 out:784 type:b dur:2 cpbdur:2 q:47.67 aq:44.20 tex:43326 mv:44412 misc:10942 imb:2708 pmb:2843 smb:8849 d:- ref:0 ;
in:786 out:785 type:P dur:2 cpbdur:2 q:47.74 aq:41.79 tex:108801 mv:53629 misc:8226 imb:8815 pmb:1257 smb:4328 d:- ref:0 ;
in:785 out:786 type:b dur:2 cpbdur:2 q:47.72 aq:44.16 tex:36125 mv:41522 misc:10801 imb:2380 pmb:2796 smb:9224 d:- ref:0 ;
in:788 out:787 type:P dur:2 cpbdur:2 q:47.81 aq:42.42 tex:46641 mv:35075 misc:10844 imb:3765 pmb:1467 smb:9168 d:- ref:0 ;
in:787 out:788 type:b dur:2 cpbdur:2 q:47.77 aq:46.40 tex:11886 mv:16254 misc:7412 imb:427 pmb:1797 smb:12176 d:- ref:0 ;
in:790 out:789 type:P dur:2 cpbdur:2 q:47.82 aq:41.49 tex:74052 mv:45113 misc:9699 imb:7430 pmb:1216 smb:5754 d:- ref:0 ;
in:789 out:790 type:b dur:2 cpbdur:2 q:47.81 aq:45.35 tex:18860 mv:24699 misc:8905 imb:948 pmb:2216 smb:11236 d:- ref:0 ;
in:792 out:791 type:P dur:2 cpbdur:2 q:47.87 aq:42.02 tex:60941 mv:36654 misc:10053 imb:4937 pmb:1225 smb:8238 d:- ref:0 ;
in:791 out:792 type:b dur:2 cpbdur:2 q:47.84 aq:46.17 tex:19053 mv:24024 misc:8427 imb:965 pmb:2030 smb:11405 d:- ref:0 ;
in:794 out:793 type:P dur:2 cpbdur:2 q:47.90 aq:42.84 tex:48286 mv:32621 misc:10341 imb:3645 pmb:1327 smb:9428 d:- ref:0 ;
in:793 out:794 type:b dur:2 cpbdur:2 q:47.89 aq:46.11 tex:9917 mv:16454 misc:7029 imb:416 pmb:1781 smb:12203 d:- ref:0 ;
in:796 out:795 type:P dur:2 cpbdur:2 q:47.92 aq:41.57 tex:48481 mv:34602 misc:10029 imb:4968 pmb:1063 smb:8369 d:- ref:0 ;
in:795 out:796 type:b dur:2 cpbdur:2 q:47.91 aq:45.05 tex:12101 mv:17943 misc:7556 imb:600 pmb:1767 smb:12033 d:- ref:0 ;
in:798 out:797 type:P dur:2 cpbdur:2 q:47.96 aq:42.65 tex:56781 mv:37043 misc:9720 imb:5702 pmb:1097 smb:7601 d:- ref:0 ;
in:797 out:798 type:b dur:2 cpbdur:2 q:47.94 aq:45.24 tex:20228 mv:22556 misc:8432 imb:1010 pmb:2200 smb:11190 d:- ref:0 ;
in:800 out:799 type:P dur:2 cpbdur:2 q:47.99 aq:41.23 tex:87505 mv:46967 misc:9272 imb:8660 pmb:1263 smb:4477 d:- ref:0 ;
in:799 out:800 type:b dur:2 cpbdur:2 q:47.98 aq:42.49 tex:10582 mv:10676 misc:8830 imb:477 pmb:2186 smb:11737 d:- ref:0 ;
in:802 out:801 type:P dur:2 cpbdur:2 q:48.04 aq:41.49 tex:97354 mv:47245 misc:8129 imb:9024 pmb:1095 smb:4281 d:- ref:0 ;
in:801 out:802 type:b dur:2 cpbdur:2 q:48.02 aq:44.22 tex:31741 mv:34305 misc:10362 imb:1809 pmb:2719 smb:9872 d:- ref:0 ;
in:804 out:803 type:P dur:2 cpbdur:2 q:48.12 aq:41.46 tex:73951 mv:44612 misc:10413 imb:6523 pmb:1374 smb:6503 d:- ref:0 ;
in:803 out:804 type:b dur:2 cpbdur:2 q:48.08 aq:45.31 tex:23713 mv:29084 misc:9203 imb:1096 pmb:2475 smb:10829 d:- ref:0 ;
in:806 out:805 type:P dur:2 cpbdur:2 q:48.17 aq:42.83 tex:28070 mv:23054 misc:9412 imb:2487 pmb:1109 smb:10804 d:- ref:0 ;
in:805 out:806 type:b dur:2 cpbdur:2 q:48.15 aq:46.35 tex:2896 mv:3465 misc:5119 imb:72 pmb:1142 smb:13186 d:- ref:0 ;
in:808 out:807 type:P dur:2 cpbdur:2 q:48.19 aq:42.45 tex:87686 mv:45635 misc:9207 imb:8047 pmb:1142 smb:5211 d:- ref:0 ;
in:807 out:808 type:b dur:2 cpbdur:2 q:48.18 aq:44.39 tex:2372 mv:2318 misc:4542 imb:78 pmb:1089 smb:13233 d:- ref:0 ;
in:810 out:809 type:P dur:2 cpbdur:2 q:48.22 aq:41.13 tex:55247 mv:36110 misc:9515 imb:5773 pmb:1153 smb:7474 d:- ref:0 ;
in:809 out:810 type:b dur:2 cpbdur:2 q:48.20 aq:45.76 tex:10334 mv:13021 misc:7005 imb:367 pmb:1689 smb:12344 d:- ref:0 ;
in:812 out:811 type:P dur:2 cpbdur:2 q:48.23 aq:41.95 tex:47028 mv:32008 misc:10052 imb:4658 pmb:1060 smb:8682 d:- ref:0 ;
in:811 out:812 type:b dur:2 cpbdur:2 q:48.22 aq:46.23 tex:10227 mv:13620 misc:7049 imb:407 pmb:1650 smb:12343 d:- ref:0 ;
in:814 out:813 type:P dur:2 cpbdur:2 q:48.23 aq:41.88 tex:56051 mv:34796 misc:8785 imb:6375 pmb:889 smb:7136 d:- ref:0 ;
in:813 out:814 type:b dur:2 cpbdur:2 q:48.23 aq:44.43 tex:21903 mv:25595 misc:8534 imb:1228 pmb:2062 smb:11110 d:- ref:0 ;
in:816 out:815 type:P dur:2 cpbdur:2 q:48.24 aq:41.54 tex:69917 mv:41055 misc:7908 imb:7989 pmb:889 smb:5522 d:- ref:0 ;
in:815 out:816 type:b dur:2 cpbdur:2 q:48.23 aq:45.05 tex:23291 mv:26781 misc:8888 imb:1358 pmb:2186 smb:10856 d:- ref:0 ;
in:818 out:817 type:P dur:2 cpbdur:2 q:48.26 aq:41.45 tex:77603 mv:41011 misc:9706 imb:6146 pmb:1160 smb:7094 d:- ref:0 ;
in:817 out:818 type:b dur:2 cpbdur:2 q:48.25 aq:46.13 tex:22193 mv:25418 misc:8397 imb:1109 pmb:2073 smb:11218 d:- ref:0 ;
in:820 out:819 type:P dur:2 cpbdur:2 q:48.29 aq:42.73 tex:30214 mv:21142 misc:8852 imb:1811 pmb:1164 smb:11425 d:- ref:0 ;
in:819 out:820 type:b dur:2 cpbdur:2 q:48.28 aq:47.47 tex:5600 mv:7867 misc:4461 imb:135 pmb:987 smb:13278 d:- ref:0 ;
in:822 out:821 type:P dur:2 cpbdur:2 q:48.31 aq:44.03 tex:27113 mv:19734 misc:8369 imb:1496 pmb:1204 smb:11700 d:- ref:0 ;
in:821 out:822 type:b dur:2 cpbdur:2 q:48.30 aq:48.04 tex:3976 mv:5772 misc:3828 imb:112 pmb:794 smb:13494 d:- ref:0 ;
in:824 out:823 type:P dur:2 cpbdur:2 q:48.31 aq:42.84 tex:44283 mv:28592 misc:10053 imb:3490 pmb:1017 smb:9893 d:- ref:0 ;
in:823 out:824 type:b dur:2 cpbdur:2 q:48.31 aq:46.58 tex:12406 mv:18091 misc:7343 imb:525 pmb:1847 smb:12028 d:- ref:0 ;
in:826 out:825 type:P dur:2 cpbdur:2 q:48.31 aq:42.28 tex:47522 mv:31436 misc:10138 imb:4642 pmb:985 smb:8773 d:- ref:0 ;
in:825 out:826 type:b dur:2 cpbdur:2 q:48.31 aq:45.35 tex:19438 mv:24400 misc:8322 imb:1134 pmb:1845 smb:11421 d:- ref:0 ;
in:828 out:827 type:P dur:2 cpbdur:2 q:48.30 aq:42.08 tex:67672 mv:40624 misc:9424 imb:7120 pmb:972 smb:6308 d:- ref:0 ;
in:827 out:828 type:b dur:2 cpbdur:2 q:48.31 aq:44.15 tex:23692 mv:30767 misc:9637 imb:1634 pmb:2300 smb:10466 d:- ref:0 ;
in:830 out:829 type:P dur:2 cpbdur:2 q:48.31 aq:42.77 tex:49880 mv:33506 misc:9822 imb:4519 pmb:1141 smb:8740 d:- ref:0 ;
in:829 out:830 type:b dur:2 cpbdur:2 q:48.30 aq:45.75 tex:17605 mv:22969 misc:8562 imb:847 pmb:2121 smb:11432 d:- ref:0 ;
in:833 out:831 type:P dur:2 cpbdur:2 q:48.31 aq:43.17 tex:80825 mv:43812 misc:8451 imb:8409 pmb:1144 smb:4847 d:- ref:0 ;
in:831 out:832 type:B dur:2 cpbdur:2 q:48.31 aq:44.83 tex:26701 mv:31469 misc:10390 imb:1269 pmb:2601 smb:10530 d:- ref:0 ;
in:832 out:833 type:b dur:2 cpbdur:2 q:48.31 aq:42.99 tex:34075 mv:37460 misc:11209 imb:2058 pmb:2571 smb:9771 d:- ref:0 ;
in:834 out:834 type:P dur:2 cpbdur:2 q:48.36 aq:42.53 tex:56452 mv:32532 misc:10648 imb:4288 pmb:1211 smb:8901 d:- ref:0 ;
in:836 out:835 type:P dur:2 cpbdur:2 q:48.38 aq:42.96 tex:70399 mv:40289 misc:10088 imb:6154 pmb:1237 smb:7009 d:- ref:0 ;
in:835 out:836 type:b dur:2 cpbdur:2 q:48.37 aq:47.88 tex:2019 mv:1674 misc:3387 imb:48 pmb:679 smb:13673 d:- ref:0 ;
in:838 out:837 type:P dur:2 cpbdur:2 q:48.40 aq:42.26 tex:76825 mv:40897 misc:10118 imb:6200 pmb:1290 smb:6910 d:- ref:0 ;
in:837 out:838 type:b dur:2 cpbdur:2 q:48.39 aq:44.37 tex:20485 mv:27514 misc:9433 imb:1187 pmb:2378 smb:10835 d:- ref:0 ;
in:840 out:839 type:P dur:2 cpbdur:2 q:48.38 aq:42.79 tex:45453 mv:31895 misc:10644 imb:3325 pmb:1394 smb:9681 d:- ref:0 ;
in:839 out:840 type:b dur:2 cpbdur:2 q:48.39 aq:46.43 tex:11821 mv:16571 misc:7304 imb:458 pmb:1727 smb:12215 d:- ref:0 ;
in:842 out:841 type:P dur:2 cpbdur:2 q:48.36 aq:45.50 tex:12836 mv:12988 misc:6744 imb:1017 pmb:825 smb:12558 d:- ref:0 ;
in:841 out:842 type:b dur:2 cpbdur:2 q:48.37 aq:48.08 tex:1054 mv:1807 misc:3211 imb:16 pmb:611 smb:13773 d:- ref:0 ;
in:844 out:843 type:P dur:2 cpbdur:2 q:48.35 aq:43.57 tex:71318 mv:37742 misc:9500 imb:6476 pmb:928 smb:6996 d:- ref:0 ;
in:843 out:844 type:b dur:2 cpbdur:2 q:48.36 aq:45.84 tex:19814 mv:29106 misc:9600 imb:1259 pmb:2387 smb:10754 d:- ref:0 ;
in:846 out:845 type:P dur:2 cpbdur:2 q:48.38 aq:43.27 tex:79551 mv:43160 misc:9561 imb:7499 pmb:1027 smb:5874 d:- ref:0 ;
in:845 out:846 type:b dur:2 cpbdur:2 q:48.36 aq:45.81 tex:35253 mv:36058 misc:10553 imb:1910 pmb:2755 smb:9735 d:- ref:0 ;
in:848 out:847 type:P dur:2 cpbdur:2 q:48.40 aq:43.35 tex:76886 mv:40152 misc:9218 imb:6715 pmb:985 smb:6700 d:- ref:0 ;
in:847 out:848 type:b dur:2 cpbdur:2 q:48.39 aq:46.66 tex:30451 mv:31480 misc:9677 imb:1562 pmb:2607 smb:10231 d:- ref:0 ;
in:850 out:849 type:P dur:2 cpbdur:2 q:48.43 aq:43.51 tex:74749 mv:41178 misc:9425 imb:6547 pmb:1119 smb:6734 d:- ref:0 ;
in:849 out:850 type:b dur:2 cpbdur:2 q:48.42 aq:45.15 tex:30022 mv:34640 misc:10050 imb:1698 pmb:2806 smb:9896 d:- ref:0 ;
in:852 out:851 type:P dur:2 cpbdur:2 q:48.46 aq:43.07 tex:63848 mv:37467 misc:10101 imb:5939 pmb:1063 smb:7398 d:- ref:0 ;
in:851 out:852 type:b dur:2 cpbdur:2 q:48.45 aq:46.30 tex:18774 mv:24956 misc:9206 imb:907 pmb:2352 smb:11141 d:- ref:0 ;
in:854 out:853 type:P dur:2 cpbdur:2 q:48.49 aq:43.24 tex:66030 mv:38817 misc:10297 imb:5683 pmb:1146 smb:7571 d:- ref:0 ;
in:853 out:854 type:b dur:2 cpbdur:2 q:48.48 aq:47.32 tex:17754 mv:23634 misc:8932 imb:712 pmb:2518 smb:11170 d:- ref:0 ;
in:856 out:855 type:P dur:2 cpbdur:2 q:48.50 aq:44.67 tex:33269 mv:24822 misc:8933 imb:2826 pmb:1088 smb:10486 d:- ref:0 ;
in:855 out:856 type:b dur:2 cpbdur:2 q:48.50 aq:47.39 tex:7230 mv:10657 misc:6113 imb:305 pmb:1509 smb:12586 d:- ref:0 ;
in:858 out:857 type:P dur:2 cpbdur:2 q:48.51 aq:44.35 tex:61002 mv:36724 misc:8586 imb:6042 pmb:898 smb:7460 d:- ref:0 ;
in:857 out:858 type:b dur:2 cpbdur:2 q:48.51 aq:47.40 tex:1512 mv:1954 misc:3846 imb:50 pmb:888 smb:13462 d:- ref:0 ;
in:860 out:859 type:P dur:2 cpbdur:2 q:48.50 aq:43.46 tex:90901 mv:44787 misc:7112 imb:9029 pmb:881 smb:4490 d:- ref:0 ;
in:859 out:860 type:b dur:2 cpbdur:2 q:48.51 aq:45.98 tex:27744 mv:33151 misc:9761 imb:1705 pmb:2417 smb:10278 d:- ref:0 ;
in:862 out:861 type:P dur:2 cpbdur:2 q:48.51 aq:43.28 tex:81787 mv:41535 misc:8702 imb:7628 pmb:979 smb:5793 d:- ref:0 ;
in:861 out:862 type:b dur:2 cpbdur:2 q:48.51 aq:45.74 tex:24639 mv:29228 misc:9197 imb:1516 pmb:2277 smb:10607 d:- ref:0 ;
in:865 out:863 type:P dur:2 cpbdur:2 q:48.55 aq:44.14 tex:81736 mv:40634 misc:8246 imb:8255 pmb:961 smb:5184 d:- ref:0 ;
in:863 out:864 type:B dur:2 cpbdur:2 q:48.53 aq:47.66 tex:2117 mv:1097 misc:2434 imb:18 pmb:420 smb:13962 d:- ref:0 ;
in:864 out:865 type:b dur:2 cpbdur:2 q:48.54 aq:44.90 tex:38696 mv:38513 misc:11271 imb:2069 pmb:2857 smb:9474 d:- ref:0 ;
in:866 out:866 type:P dur:2 cpbdur:2 q:48.61 aq:44.35 tex:80893 mv:39644 misc:6495 imb:9832 pmb:594 smb:3974 d:- ref:0 ;
in:867 out:867 type:P dur:2 cpbdur:2 q:48.64 aq:44.56 tex:63182 mv:34548 misc:7046 imb:7414 pmb:696 smb:6290 d:- ref:0 ;
in:868 out:868 type:P dur:2 cpbdur:2 q:48.66 aq:43.87 tex:100830 mv:47880 misc:6162 imb:10553 pmb:796 smb:3051 d:- ref:0 ;
in:869 out:869 type:I dur:2 cpbdur:2 q:45.53 aq:41.38 tex:246019 mv:86448 misc:677 imb:14400 pmb:0 smb:0 d:- ref:;
in:871 out:870 type:P dur:2 cpbdur:2 q:48.75 aq:45.63 tex:87168 mv:42204 misc:6668 imb:7902 pmb:903 smb:5595 d:- ref:0 ;
in:870 out:871 type:b dur:2 cpbdur:2 q:48.75 aq:46.70 tex:41156 mv:37696 misc:9716 imb:1916 pmb:2777 smb:9707 d:- ref:0 ;
in:872 out:872 type:P dur:2 cpbdur:2 q:48.78 aq:45.42 tex:71486 mv:38019 misc:8535 imb:6711 pmb:987 smb:6702 d:- ref:0 ;
in:874 out:873 type:P dur:2 cpbdur:2 q:48.79 aq:44.24 tex:97445 mv:45248 misc:5091 imb:10052 pmb:862 smb:3486 d:- ref:0 ;
in:873 out:874 type:b dur:2 cpbdur:2 q:48.78 aq:46.68 tex:16315 mv:20120 misc:8509 imb:635 pmb:2216 smb:11549 d:- ref:0 ;
in:876 out:875 type:P dur:2 cpbdur:2 q:48.81 aq:44.47 tex:68406 mv:41017 misc:9089 imb:6751 pmb:1282 smb:6367 d:- ref:0 ;
in:875 out:876 type:b dur:2 cpbdur:2 q:48.80 aq:47.81 tex:16373 mv:17514 misc:7585 imb:570 pmb:1958 smb:11872 d:- ref:0 ;
in:878 out:877 type:P dur:2 cpbdur:2 q:48.83 aq:44.60 tex:49975 mv:34560 misc:9745 imb:5404 pmb:1226 smb:7770 d:- ref:0 ;
in:877 out:878 type:b dur:2 cpbdur:2 q:48.82 aq:45.58 tex:2800 mv:3586 misc:5918 imb:90 pmb:1419 smb:12891 d:- ref:0 ;
in:881 out:879 type:P dur:2 cpbdur:2 q:48.87 aq:44.15 tex:72014 mv:41040 misc:8050 imb:8435 pmb:992 smb:4973 d:- ref:0 ;
in:879 out:880 type:B dur:2 cpbdur:2 q:48.84 aq:46.36 tex:24038 mv:28494 misc:8828 imb:1226 pmb:2120 smb:11054 d:- ref:0 ;
in:880 out:881 type:b dur:2 cpbdur:2 q:48.86 aq:45.48 tex:29071 mv:35123 misc:10398 imb:1651 pmb:2525 smb:10224 d:- ref:0 ;
in:882 out:882 type:P dur:2 cpbdur:2 q:48.88 aq:43.07 tex:66999 mv:36855 misc:9498 imb:6942 pmb:865 smb:6593 d:- ref:0 ;
in:884 out:883 type:P dur:2 cpbdur:2 q:48.90 aq:43.40 tex:70738 mv:38065 misc:9413 imb:6609 pmb:863 smb:6928 d:- ref:0 ;
in:883 out:884 type:b dur:2 cpbdur:2 q:48.89 aq:45.71 tex:25563 mv:31033 misc:9796 imb:1549 pmb:2282 smb:10569 d:- ref:0 ;
in:888 out:885 type:P dur:2 cpbdur:2 q:48.94 aq:43.30 tex:63064 mv:36485 misc:9187 imb:6726 pmb:972 smb:6702 d:- ref:0 ;
in:886 out:886 type:B dur:2 cpbdur:2 q:48.92 aq:43.94 tex:59635 mv:57006 misc:11039 imb:4022 pmb:2988 smb:7390 d:- ref:0 ;
in:885 out:887 type:b dur:2 cpbdur:2 q:48.91 aq:46.78 tex:37183 mv:34927 misc:10362 imb:1822 pmb:2765 smb:9813 d:- ref:0 ;
in:887 out:888 type:b dur:2 cpbdur:2 q:48.93 aq:46.05 tex:24364 mv:29915 misc:9121 imb:1505 pmb:2269 smb:10626 d:- ref:0 ;
in:892 out:889 type:P dur:2 cpbdur:2 q:49.04 aq:42.93 tex:68080 mv:34448 misc:8240 imb:7738 pmb:685 smb:5977 d:- ref:0 ;
in:890 out:890 type:B dur:2 cpbdur:2 q:48.99 aq:43.99 tex:32229 mv:39236 misc:10647 imb:2397 pmb:2425 smb:9578 d:- ref:0 ;
in:889 out:891 type:b dur:2 cpbdur:2 q:48.97 aq:46.11 tex:23248 mv:28936 misc:9408 imb:1286 pmb:2356 smb:10758 d:- ref:0 ;
in:891 out:892 type:b dur:2 cpbdur:2 q:49.02 aq:46.35 tex:11179 mv:17780 misc:7817 imb:662 pmb:1812 smb:11926 d:- ref:0 ;
in:894 out:893 type:P dur:2 cpbdur:2 q:49.11 aq:44.17 tex:58172 mv:34732 misc:8008 imb:7159 pmb:678 smb:6563 d:- ref:0 ;
in:893 out:894 type:b dur:2 cpbdur:2 q:49.08 aq:45.58 tex:16968 mv:22266 misc:8270 imb:843 pmb:2012 smb:11545 d:- ref:0 ;
in:895 out:895 type:P dur:2 cpbdur:2 q:49.11 aq:44.45 tex:55241 mv:30380 misc:8891 imb:5420 pmb:703 smb:8277 d:- ref:0 ;
in:896 out:896 type:P dur:2 cpbdur:2 q:49.11 aq:43.04 tex:52571 mv:33150 misc:10223 imb:5008 pmb:979 smb:8413 d:- ref:0 ;
in:900 out:897 type:P dur:2 cpbdur:2 q:49.13 aq:42.25 tex:72891 mv:37977 misc:6532 imb:9532 pmb:581 smb:4287 d:- ref:0 ;
in:898 out:898 type:B dur:2 cpbdur:2 q:49.12 aq:44.98 tex:35004 mv:37292 misc:10928 imb:2100 pmb:2509 smb:9791 d:- ref:0 ;
in:897 out:899 type:b dur:2 cpbdur:2 q:49.11 aq:46.75 tex:18854 mv:22918 misc:8220 imb:890 pmb:1998 smb:11512 d:- ref:0 ;
in:899 out:900 type:b dur:2 cpbdur:2 q:49.12 aq:46.36 tex:13173 mv:18672 misc:8171 imb:653 pmb:1984 smb:11763 d:- ref:0 ;
in:902 out:901 type:P dur:2 cpbdur:2 q:49.17 aq:43.18 tex:58376 mv:34888 misc:8600 imb:6415 pmb:830 smb:7155 d:- ref:0 ;
in:901 out:902 type:b dur:2 cpbdur:2 q:49.15 aq:45.97 tex:9263 mv:14646 misc:6843 imb:406 pmb:1502 smb:12492 d:- ref:0 ;
in:904 out:903 type:P dur:2 cpbdur:2 q:49.20 aq:45.37 tex:41924 mv:23203 misc:8257 imb:3212 pmb:793 smb:10395 d:- ref:0 ;
in:903 out:904 type:b dur:2 cpbdur:2 q:49.18 aq:47.64 tex:17731 mv:15810 misc:5683 imb:582 pmb:1350 smb:12468 d:- ref:0 ;
in:906 out:905 type:P dur:2 cpbdur:2 q:49.25 aq:43.71 tex:50300 mv:30737 misc:7539 imb:6956 pmb:642 smb:6802 d:- ref:0 ;
in:905 out:906 type:b dur:2 cpbdur:2 q:49.22 aq:46.97 tex:10767 mv:15879 misc:7314 imb:512 pmb:1663 smb:12225 d:- ref:0 ;
in:907 out:907 type:P dur:2 cpbdur:2 q:49.27 aq:44.35 tex:39460 mv:27632 misc:8972 imb:4956 pmb:781 smb:8663 d:- ref:0 ;
in:909 out:908 type:P dur:2 cpbdur:2 q:49.28 aq:44.53 tex:45230 mv:30423 misc:8883 imb:5997 pmb:718 smb:7685 d:- ref:0 ;
in:908 out:909 type:b dur:2 cpbdur:2 q:49.28 aq:45.38 tex:2251 mv:1728 misc:2797 imb:53 pmb:536 smb:13811 d:- ref:0 ;
in:910 out:910 type:P dur:2 cpbdur:2 q:49.28 aq:45.26 tex:57569 mv:33910 misc:8633 imb:7103 pmb:836 smb:6461 d:- ref:0 ;
in:911 out:911 type:P dur:2 cpbdur:2 q:49.30 aq:46.08 tex:77042 mv:45068 misc:7210 imb:7987 pmb:1377 smb:5036 d:- ref:0 ;
in:914 out:912 type:P dur:2 cpbdur:2 q:49.31 aq:45.93 tex:106518 mv:53082 misc:5248 imb:11146 pmb:1242 smb:2012 d:- ref:0 ;
in:912 out:913 type:B dur:2 cpbdur:2 q:49.31 aq:46.37 tex:42653 mv:41236 misc:11519 imb:2263 pmb:3698 smb:8439 d:- ref:0 ;
in:913 out:914 type:b dur:2 cpbdur:2 q:49.31 aq:47.30 tex:4375 mv:2432 misc:6313 imb:40 pmb:1660 smb:12700 d:- ref:0 ;
in:917 out:915 type:P dur:2 cpbdur:2 q:49.37 aq:44.59 tex:122542 mv:54816 misc:6530 imb:10229 pmb:1204 smb:2967 d:- ref:0 ;
in:915 out:916 type:B dur:2 cpbdur:2 q:49.33 aq:47.36 tex:61465 mv:50389 misc:11210 imb:3115 pmb:3819 smb:7466 d:- ref:0 ;
in:916 out:917 type:b dur:2 cpbdur:2 q:49.35 aq:47.34 tex:50562 mv:45050 misc:11556 imb:2394 pmb:3750 smb:8256 d:- ref:0 ;
in:920 out:918 type:P dur:2 cpbdur:2 q:49.41 aq:46.28 tex:86162 mv:43686 misc:9112 imb:7682 pmb:1330 smb:5388 d:- ref:0 ;
in:918 out:919 type:B dur:2 cpbdur:2 q:49.38 aq:47.14 tex:4000 mv:3640 misc:6120 imb:97 pmb:1490 smb:12813 d:- ref:0 ;
in:919 out:920 type:b dur:2 cpbdur:2 q:49.39 aq:47.43 tex:23204 mv:26754 misc:9730 imb:1000 pmb:2576 smb:10824 d:- ref:0 ;
in:924 out:921 type:P dur:2 cpbdur:2 q:49.42 aq:45.80 tex:96064 mv:46761 misc:7303 imb:9774 pmb:1130 smb:3496 d:- ref:0 ;
in:922 out:922 type:B dur:2 cpbdur:2 q:49.41 aq:46.51 tex:57212 mv:43602 misc:11186 imb:2594 pmb:3486 smb:8320 d:- ref:0 ;
in:921 out:923 type:b dur:2 cpbdur:2 q:49.41 aq:48.25 tex:32174 mv:31891 misc:10271 imb:1305 pmb:3010 smb:10085 d:- ref:0 ;
in:923 out:924 type:b dur:2 cpbdur:2 q:49.42 aq:47.82 tex:18796 mv:21003 misc:8697 imb:609 pmb:2259 smb:11532 d:- ref:0 ;
in:926 out:925 type:P dur:2 cpbdur:2 q:49.42 aq:46.13 tex:84913 mv:42337 misc:9310 imb:7305 pmb:1323 smb:5772 d:- ref:0 ;
in:925 out:926 type:b dur:2 cpbdur:2 q:49.42 aq:46.67 tex:21733 mv:25727 misc:9620 imb:1116 pmb:2434 smb:10850 d:- ref:0 ;
in:927 out:927 type:P dur:2 cpbdur:2 q:49.41 aq:45.99 tex:52192 mv:34242 misc:10254 imb:4583 pmb:1334 smb:8483 d:- ref:0 ;
in:930 out:928 type:P dur:2 cpbdur:2 q:49.43 aq:45.49 tex:86920 mv:44579 misc:8773 imb:8032 pmb:1276 smb:5092 d:- ref:0 w:7,121,0,6,57,14,56,16 ;
in:928 out:929 type:B dur:2 cpbdur:2 q:49.42 aq:45.41 tex:10403 mv:9579 misc:8234 imb:369 pmb:1958 smb:12073 d:- ref:0 ;
in:929 out:930 type:b dur:2 cpbdur:2 q:49.42 aq:46.82 tex:33787 mv:36651 misc:10530 imb:1966 pmb:2646 smb:9788 d:- ref:0 ;
in:932 out:931 type:P dur:2 cpbdur:2 q:49.49 aq:44.08 tex:87202 mv:44005 misc:6361 imb:10242 pmb:822 smb:3336 d:- ref:0 ;
in:931 out:932 type:b dur:2 cpbdur:2 q:49.46 aq:46.90 tex:28990 mv:33963 misc:10847 imb:1403 pmb:2958 smb:10039 d:- ref:0 ;
in:934 out:933 type:P dur:2 cpbdur:2 q:49.52 aq:45.19 tex:64278 mv:36230 misc:9004 imb:6467 pmb:970 smb:6963 d:- ref:0 ;
in:933 out:934 type:b dur:2 cpbdur:2 q:49.51 aq:46.99 tex:21332 mv:24127 misc:9141 imb:1010 pmb:2333 smb:11057 d:- ref:0 ;
in:936 out:935 type:P dur:2 cpbdur:2 q:49.56 aq:45.16 tex:87245 mv:43502 misc:8413 imb:7091 pmb:1192 smb:6117 d:- ref:0 ;
in:935 out:936 type:b dur:2 cpbdur:2 q:49.54 aq:47.86 tex:2180 mv:1041 misc:2779 imb:16 pmb:526 smb:13858 d:- ref:0 ;
in:938 out:937 type:P dur:2 cpbdur:2 q:49.58 aq:44.95 tex:78031 mv:43354 misc:9847 imb:6287 pmb:1434 smb:6679 d:- ref:0 ;
in:937 out:938 type:b dur:2 cpbdur:2 q:49.57 aq:48.59 tex:18726 mv:16659 misc:8199 imb:477 pmb:2232 smb:11691 d:- ref:0 ;
in:940 out:939 type:P dur:2 cpbdur:2 q:49.62 aq:45.53 tex:45989 mv:30164 misc:10279 imb:3370 pmb:1565 smb:9465 d:- ref:0 ;
in:939 out:940 type:b dur:2 cpbdur:2 q:49.60 aq:48.86 tex:6746 mv:4812 misc:4026 imb:86 pmb:782 smb:13532 d:- ref:0 ;
in:942 out:941 type:P dur:2 cpbdur:2 q:49.66 aq:45.65 tex:54452 mv:35846 misc:9926 imb:4775 pmb:1428 smb:8197 d:- ref:0 ;
in:941 out:942 type:b dur:2 cpbdur:2 q:49.64 aq:48.48 tex:3554 mv:3011 misc:4411 imb:74 pmb:1004 smb:13322 d:- ref:0 ;
in:944 out:943 type:P dur:2 cpbdur:2 q:49.69 aq:46.00 tex:45429 mv:31297 misc:10562 imb:3778 pmb:1504 smb:9118 d:- ref:0 ;
in:943 out:944 type:b dur:2 cpbdur:2 q:49.67 aq:48.42 tex:8123 mv:6890 misc:5987 imb:128 pmb:1261 smb:13011 d:- ref:0 ;
in:946 out:945 type:P dur:2 cpbdur:2 q:49.70 aq:46.05 tex:53257 mv:33658 misc:10261 imb:4685 pmb:1297 smb:8418 d:- ref:0 ;
in:945 out:946 type:b dur:2 cpbdur:2 q:49.70 aq:48.62 tex:9964 mv:9643 misc:6817 imb:246 pmb:1546 smb:12608 d:- ref:0 ;
in:948 out:947 type:P dur:2 cpbdur:2 q:49.72 aq:46.92 tex:41593 mv:29011 misc:10188 imb:3796 pmb:1239 smb:9365 d:- ref:0 ;
in:947 out:948 type:b dur:2 cpbdur:2 q:49.71 aq:47.97 tex:4729 mv:4529 misc:6950 imb:128 pmb:1735 smb:12537 d:- ref:0 ;
in:950 out:949 type:P dur:2 cpbdur:2 q:49.76 aq:45.95 tex:86097 mv:44040 misc:7759 imb:8388 pmb:983 smb:5029 d:- ref:0 ;
in:949 out:950 type:b dur:2 cpbdur:2 q:49.74 aq:47.76 tex:25480 mv:27500 misc:10028 imb:1205 pmb:2783 smb:10412 d:- ref:0 ;
in:952 out:951 type:P dur:2 cpbdur:2 q:49.79 aq:45.48 tex:72478 mv:39521 misc:9113 imb:6913 pmb:1166 smb:6321 d:- ref:0 ;
in:951 out:952 type:b dur:2 cpbdur:2 q:49.78 aq:47.67 tex:20238 mv:23034 misc:9192 imb:990 pmb:2342 smb:11068 d:- ref:0 ;
in:954 out:953 type:P dur:2 cpbdur:2 q:49.83 aq:45.31 tex:59204 mv:37480 misc:9964 imb:5693 pmb:1292 smb:7415 d:- ref:0 ;
in:953 out:954 type:b dur:2 cpbdur:2 q:49.81 aq:47.62 tex:13003 mv:16420 misc:7473 imb:542 pmb:1772 smb:12086 d:- ref:0 ;
in:956 out:955 type:P dur:2 cpbdur:2 q:49.83 aq:46.08 tex:44323 mv:29968 misc:10053 imb:4001 pmb:1192 smb:9207 d:- ref:0 ;
in:955 out:956 type:b dur:2 cpbdur:2 q:49.83 aq:48.32 tex:7657 mv:9480 misc:6311 imb:185 pmb:1490 smb:12725 d:- ref:0 ;
in:958 out:957 type:P dur:2 cpbdur:2 q:49.84 aq:46.07 tex:84385 mv:40557 misc:7906 imb:8110 pmb:915 smb:5375 d:- ref:0 ;
in:957 out:958 type:b dur:2 cpbdur:2 q:49.83 aq:47.57 tex:23580 mv:28397 misc:9367 imb:1216 pmb:2393 smb:10791 d:- ref:0 ;
in:959 out:959 type:P dur:2 cpbdur:2 q:49.84 aq:47.13 tex:35392 mv:25055 misc:9377 imb:3425 pmb:990 smb:9985 d:- ref:0 ;
in:960 out:960 type:P dur:2 cpbdur:2 q:49.82 aq:45.13 tex:67635 mv:37335 misc:9406 imb:7019 pmb:988 smb:6393 d:- ref:0 ;
in:962 out:961 type:P dur:2 cpbdur:2 q:49.84 aq:44.20 tex:83471 mv:42268 misc:7909 imb:8737 pmb:848 smb:4815 d:- ref:0 ;
in:961 out:962 type:b dur:2 cpbdur:2 q:49.83 aq:47.20 tex:20260 mv:23947 misc:9073 imb:1082 pmb:2273 smb:11045 d:- ref:0 ;
in:966 out:963 type:P dur:2 cpbdur:2 q:49.84 aq:45.23 tex:59807 mv:34172 misc:9597 imb:6242 pmb:910 smb:7248 d:- ref:0 ;
in:964 out:964 type:B dur:2 cpbdur:2 q:49.84 aq:47.33 tex:10912 mv:14586 misc:7910 imb:440 pmb:1938 smb:12022 d:- ref:0 ;
in:963 out:965 type:b dur:2 cpbdur:2 q:49.84 aq:47.01 tex:1539 mv:1361 misc:2612 imb:35 pmb:413 smb:13952 d:- ref:0 ;
in:965 out:966 type:b dur:2 cpbdur:2 q:49.84 aq:48.16 tex:11696 mv:15343 misc:7641 imb:552 pmb:1663 smb:12185 d:- ref:0 ;
in:968 out:967 type:P dur:2 cpbdur:2 q:49.84 aq:46.02 tex:43489 mv:27012 misc:10003 imb:4007 pmb:960 smb:9433 d:- ref:0 ;
in:967 out:968 type:b dur:2 cpbdur:2 q:49.84 aq:47.60 tex:10158 mv:15053 misc:7133 imb:450 pmb:1530 smb:12420 d:- ref:0 ;
in:970 out:969 type:P dur:2 cpbdur:2 q:49.87 aq:45.49 tex:57084 mv:30529 misc:9331 imb:5809 pmb:809 smb:7782 d:- ref:0 ;
in:969 out:970 type:b dur:2 cpbdur:2 q:49.86 aq:47.80 tex:16296 mv:22632 misc:8520 imb:986 pmb:1816 smb:11598 d:- ref:0 ;
in:971 out:971 type:P dur:2 cpbdur:2 q:49.89 aq:46.42 tex:22627 mv:19460 misc:8825 imb:1813 pmb:968 smb:11619 d:- ref:0 ;
in:972 out:972 type:P dur:2 cpbdur:2 q:49.89 aq:45.31 tex:33909 mv:25321 misc:10210 imb:3028 pmb:1024 smb:10348 d:- ref:0 ;
in:974 out:973 type:P dur:2 cpbdur:2 q:49.91 aq:45.91 tex:37472 mv:25481 misc:10143 imb:3341 pmb:975 smb:10084 d:- ref:0 ;
in:973 out:974 type:b dur:2 cpbdur:2 q:49.90 aq:47.44 tex:7569 mv:12682 misc:5901 imb:325 pmb:1250 smb:12825 d:- ref:0 ;
in:976 out:975 type:P dur:2 cpbdur:2 q:49.92 aq:45.75 tex:48010 mv:29508 misc:10490 imb:4477 pmb:978 smb:8945 d:- ref:0 ;
in:975 out:976 type:b dur:2 cpbdur:2 q:49.92 aq:48.06 tex:12977 mv:21182 misc:8009 imb:671 pmb:1810 smb:11919 d:- ref:0 ;
in:978 out:977 type:P dur:2 cpbdur:2 q:49.94 aq:45.90 tex:43156 mv:28711 misc:10229 imb:4308 pmb:992 smb:9100 d:- ref:0 ;
in:977 out:978 type:b dur:2 cpbdur:2 q:49.93 aq:47.99 tex:9064 mv:15166 misc:7538 imb:346 pmb:1807 smb:12247 d:- ref:0 ;
in:982 out:979 type:P dur:2 cpbdur:2 q:49.98 aq:45.93 tex:69966 mv:35669 misc:9557 imb:7044 pmb:975 smb:6381 d:- ref:0 ;
in:980 out:980 type:B dur:2 cpbdur:2 q:49.96 aq:47.13 tex:18915 mv:27229 misc:9864 imb:1218 pmb:2177 smb:11005 d:- ref:0 ;
in:979 out:981 type:b dur:2 cpbdur:2 q:49.95 aq:48.91 tex:1686 mv:2165 misc:3445 imb:72 pmb:694 smb:13634 d:- ref:0 ;
in:981 out:982 type:b dur:2 cpbdur:2 q:49.97 aq:47.66 tex:2516 mv:3218 misc:5234 imb:109 pmb:1177 smb:13114 d:- ref:0 ;
in:983 out:983 type:P dur:2 cpbdur:2 q:49.99 aq:47.12 tex:17986 mv:15884 misc:7914 imb:1675 pmb:825 smb:11900 d:- ref:0 ;
in:984 out:984 type:P dur:2 cpbdur:2 q:49.99 aq:45.68 tex:32774 mv:23536 misc:9498 imb:3278 pmb:881 smb:10241 d:- ref:0 ;
in:988 out:985 type:P dur:2 cpbdur:2 q:49.99 aq:45.20 tex:76403 mv:37025 misc:7676 imb:8524 pmb:679 smb:5197 d:- ref:0 ;
in:986 out:986 type:B dur:2 cpbdur:2 q:49.99 aq:46.37 tex:23922 mv:33351 misc:10343 imb:1629 pmb:2298 smb:10473 d:- ref:0 ;
in:985 out:987 type:b dur:2 cpbdur:2 q:49.99 aq:47.61 tex:11025 mv:20424 misc:7583 imb:591 pmb:1790 smb:12019 d:- ref:0 ;
in:987 out:988 type:b dur:2 cpbdur:2 q:49.99 aq:46.99 tex:25529 mv:32156 misc:9731 imb:1719 pmb:2292 smb:10389 d:- ref:0 ;
in:990 out:989 type:P dur:2 cpbdur:2 q:49.97 aq:44.54 tex:65748 mv:34869 misc:8727 imb:7384 pmb:707 smb:6309 d:- ref:0 ;
in:989 out:990 type:b dur:2 cpbdur:2 q:49.98 aq:46.86 tex:22107 mv:29496 misc:9277 imb:1329 pmb:2300 smb:10771 d:- ref:0 ;
in:992 out:991 type:P dur:2 cpbdur:2 q:49.97 aq:44.97 tex:43971 mv:27535 misc:9486 imb:3801 pmb:962 smb:9637 d:- ref:0 ;
in:991 out:992 type:b dur:2 cpbdur:2 q:49.97 aq:47.95 tex:11602 mv:16399 misc:6839 imb:405 pmb:1813 smb:12182 d:- ref:0 ;
in:994 out:993 type:P dur:2 cpbdur:2 q:49.96 aq:46.50 tex:36952 mv:23161 misc:8743 imb:3307 pmb:779 smb:10314 d:- ref:0 ;
in:993 out:994 type:b dur:2 cpbdur:2 q:49.96 aq:47.99 tex:13371 mv:20067 misc:7458 imb:653 pmb:1656 smb:12091 d:- ref:0 ;
in:995 out:995 type:I dur:2 cpbdur:2 q:46.98 aq:34.81 tex:60739 mv:35981 misc:304 imb:14400 pmb:0 smb:0 d:- ref:;
in:998 out:996 type:P dur:2 cpbdur:2 q:49.95 aq:38.61 tex:19573 mv:14822 misc:5645 imb:2257 pmb:481 smb:11662 d:- ref:0 ;
in:996 out:997 type:B dur:2 cpbdur:2 q:49.95 aq:40.97 tex:4827 mv:1681 misc:1740 imb:37 pmb:395 smb:13968 d:- ref:0 ;
in:997 out:998 type:b dur:2 cpbdur:2 q:49.95 aq:44.53 tex:6818 mv:3736 misc:2102 imb:224 pmb:348 smb:13828 d:- ref:0 ;
in:1000 out:999 type:P dur:2 cpbdur:2 q:49.93 aq:40.35 tex:14748 mv:10340 misc:5376 imb:1331 pmb:498 smb:12571 d:- ref:0 ;
in:999 out:1000 type:b dur:2 cpbdur:2 q:49.94 aq:47.64 tex:4611 mv:1647 misc:1630 imb:18 pmb:379 smb:14003 d:- ref:0 ;
in:1002 out:1001 type:P dur:2 cpbdur:2 q:49.89 aq:41.05 tex:15326 mv:12170 misc:6112 imb:1455 pmb:548 smb:12397 d:- ref:0 ;
in:1001 out:1002 type:b dur:2 cpbdur:2 q:49.91 aq:46.23 tex:3976 mv:1997 misc:1827 imb:38 pmb:321 smb:14041 d:- ref:0 ;
in:1004 out:1003 type:P dur:2 cpbdur:2 q:49.90 aq:41.95 tex:13234 mv:11819 misc:6251 imb:1370 pmb:508 smb:12522 d:- ref:0 ;
in:1003 out:1004 type:b dur:2 cpbdur:2 q:49.89 aq:46.48 tex:1280 mv:1811 misc:1685 imb:38 pmb:183 smb:14179 d:- ref:0 ;
in:1006 out:1005 type:P dur:2 cpbdur:2 q:49.89 aq:41.50 tex:19558 mv:15612 misc:8198 imb:2594 pmb:590 smb:11216 d:- ref:0 ;
in:1005 out:1006 type:b dur:2 cpbdur:2 q:49.89 aq:45.56 tex:1444 mv:2625 misc:2075 imb:49 pmb:264 smb:14087 d:- ref:0 ;
in:1008 out:1007 type:P dur:2 cpbdur:2 q:49.91 aq:42.51 tex:12562 mv:13245 misc:7137 imb:1366 pmb:623 smb:12411 d:- ref:0 ;
in:1007 out:1008 type:b dur:2 cpbdur:2 q:49.90 aq:47.75 tex:1013 mv:2385 misc:1786 imb:34 pmb:205 smb:14161 d:- ref:0 ;
in:1010 out:1009 type:P dur:2 cpbdur:2 q:49.92 aq:43.40 tex:20504 mv:18317 misc:8787 imb:2571 pmb:709 smb:11120 d:- ref:0 ;
in:1009 out:1010 type:b dur:2 cpbdur:2 q:49.92 aq:48.54 tex:1935 mv:4037 misc:2612 imb:94 pmb:360 smb:13946 d:- ref:0 ;
in:1012 out:1011 type:P dur:2 cpbdur:2 q:49.92 aq:44.39 tex:18820 mv:17187 misc:8665 imb:2061 pmb:759 smb:11580 d:- ref:0 ;
in:1011 out:1012 type:b dur:2 cpbdur:2 q:49.92 aq:48.33 tex:2059 mv:4003 misc:2682 imb:90 pmb:354 smb:13956 d:- ref:0 ;
in:1014 out:1013 type:P dur:2 cpbdur:2 q:49.91 aq:44.61 tex:22195 mv:18557 misc:9168 imb:2419 pmb:783 smb:11198 d:- ref:0 ;
in:1013 out:1014 type:b dur:2 cpbdur:2 q:49.92 aq:47.86 tex:2339 mv:4743 misc:2870 imb:94 pmb:443 smb:13863 d:- ref:0 ;
in:1016 out:1015 type:P dur:2 cpbdur:2 q:49.90 aq:44.65 tex:20708 mv:18725 misc:8991 imb:2299 pmb:774 smb:11327 d:- ref:0 w:6,67,-1 ;
in:1015 out:1016 type:b dur:2 cpbdur:2 q:49.91 aq:48.02 tex:2039 mv:4375 misc:3106 imb:90 pmb:487 smb:13823 d:- ref:0 ;
in:1018 out:1017 type:P dur:2 cpbdur:2 q:49.88 aq:44.52 tex:24109 mv:19656 misc:8899 imb:2277 pmb:968 smb:11155 d:- ref:0 w:6,67,-1 ;
in:1017 out:1018 type:b dur:2 cpbdur:2 q:49.89 aq:49.25 tex:2546 mv:4495 misc:3023 imb:63 pmb:622 smb:13715 d:- ref:0 ;
in:1020 out:1019 type:P dur:2 cpbdur:2 q:49.86 aq:44.55 tex:26205 mv:21921 misc:9770 imb:2678 pmb:1084 smb:10638 d:- ref:0 w:6,67,-1 ;
in:1019 out:1020 type:b dur:2 cpbdur:2 q:49.87 aq:47.05 tex:2073 mv:4003 misc:3028 imb:48 pmb:562 smb:13790 d:- ref:0 ;
in:1022 out:1021 type:P dur:2 cpbdur:2 q:49.84 aq:45.35 tex:14932 mv:13602 misc:7386 imb:1179 pmb:844 smb:12377 d:- ref:0 ;
in:1021 out:1022 type:b dur:2 cpbdur:2 q:49.85 aq:45.25 tex:492 mv:1204 misc:1928 imb:30 pmb:281 smb:14089 d:- ref:0 ;
in:1023 out:1023 type:P dur:2 cpbdur:2 q:49.81 aq:45.57 tex:20587 mv:15923 misc:8290 imb:1632 pmb:945 smb:11823 d:- ref:0 ;
in:1026 out:1024 type:P dur:2 cpbdur:2 q:49.79 aq:44.08 tex:38761 mv:26201 misc:10662 imb:3710 pmb:1172 smb:9518 d:- ref:0 w:6,67,-1 ;
in:1024 out:1025 type:B dur:2 cpbdur:2 q:49.80 aq:44.60 tex:3527 mv:5933 misc:3612 imb:120 pmb:568 smb:13712 d:- ref:0 ;
in:1025 out:1026 type:b dur:2 cpbdur:2 q:49.80 aq:47.71 tex:2208 mv:5241 misc:3047 imb:95 pmb:530 smb:13775 d:- ref:0 ;
in:1028 out:1027 type:P dur:2 cpbdur:2 q:49.76 aq:44.67 tex:17177 mv:15243 misc:7932 imb:1448 pmb:953 smb:11999 d:- ref:0 ;
in:1027 out:1028 type:b dur:2 cpbdur:2 q:49.78 aq:49.95 tex:658 mv:819 misc:2075 imb:6 pmb:315 smb:14079 d:- ref:0 ;
in:1030 out:1029 type:P dur:2 cpbdur:2 q:49.73 aq:44.30 tex:31053 mv:21717 misc:9454 imb:2499 pmb:1140 smb:10761 d:- ref:0 ;
in:1029 out:1030 type:b dur:2 cpbdur:2 q:49.75 aq:50.28 tex:4142 mv:6614 misc:3348 imb:146 pmb:624 smb:13630 d:- ref:0 ;
in:1032 out:1031 type:P dur:2 cpbdur:2 q:49.71 aq:44.37 tex:27794 mv:20739 misc:9067 imb:2093 pmb:1232 smb:11075 d:- ref:0 ;
in:1031 out:1032 type:b dur:2 cpbdur:2 q:49.72 aq:49.11 tex:1963 mv:3224 misc:2805 imb:32 pmb:523 smb:13845 d:- ref:0 ;
in:1034 out:1033 type:P dur:2 cpbdur:2 q:49.68 aq:44.26 tex:24002 mv:17458 misc:8076 imb:1476 pmb:1145 smb:11779 d:- ref:0 ;
in:1033 out:1034 type:b dur:2 cpbdur:2 q:49.69 aq:48.79 tex:953 mv:1068 misc:2411 imb:6 pmb:453 smb:13941 d:- ref:0 ;
in:1036 out:1035 type:P dur:2 cpbdur:2 q:49.66 aq:44.50 tex:28797 mv:19147 misc:8400 imb:1816 pmb:1111 smb:11473 d:- ref:0 ;
in:1035 out:1036 type:b dur:2 cpbdur:2 q:49.67 aq:48.26 tex:2347 mv:4458 misc:2483 imb:109 pmb:446 smb:13845 d:- ref:0 ;
in:1038 out:1037 type:P dur:2 cpbdur:2 q:49.63 aq:44.66 tex:24209 mv:19214 misc:8633 imb:1894 pmb:1230 smb:11276 d:- ref:0 ;
in:1037 out:1038 type:b dur:2 cpbdur:2 q:49.64 aq:48.82 tex:1670 mv:3490 misc:2336 imb:37 pmb:367 smb:13996 d:- ref:0 ;
in:1040 out:1039 type:P dur:2 cpbdur:2 q:49.61 aq:44.81 tex:16344 mv:13999 misc:7417 imb:1075 pmb:1038 smb:12287 d:- ref:0 ;
in:1039 out:1040 type:b dur:2 cpbdur:2 q:49.62 aq:48.77 tex:1435 mv:2425 misc:2188 imb:18 pmb:352 smb:14030 d:- ref:0 ;
in:1044 out:1041 type:P dur:2 cpbdur:2 q:49.58 aq:44.27 tex:30265 mv:23371 misc:10260 imb:2492 pmb:1429 smb:10479 d:- ref:0 ;
in:1042 out:1042 type:B dur:2 cpbdur:2 q:49.59 aq:47.33 tex:3998 mv:6920 misc:3674 imb:121 pmb:695 smb:13584 d:- ref:0 ;
in:1041 out:1043 type:b dur:2 cpbdur:2 q:49.60 aq:49.60 tex:1434 mv:3024 misc:2366 imb:27 pmb:369 smb:14004 d:- ref:0 ;
in:1043 out:1044 type:b dur:2 cpbdur:2 q:49.59 aq:48.89 tex:1190 mv:2158 misc:1908 imb:13 pmb:281 smb:14106 d:- ref:0 ;
in:1048 out:1045 type:P dur:2 cpbdur:2 q:49.54 aq:45.71 tex:24781 mv:20211 misc:8824 imb:1850 pmb:1123 smb:11427 d:- ref:0 ;
in:1046 out:1046 type:B dur:2 cpbdur:2 q:49.56 aq:47.22 tex:5630 mv:8928 misc:4346 imb:214 pmb:875 smb:13311 d:- ref:0 ;
in:1045 out:1047 type:b dur:2 cpbdur:2 q:49.57 aq:48.65 tex:1332 mv:3820 misc:3504 imb:28 pmb:764 smb:13608 d:- ref:0 ;
in:1047 out:1048 type:b dur:2 cpbdur:2 q:49.55 aq:49.18 tex:1253 mv:2376 misc:1899 imb:23 pmb:297 smb:14080 d:- ref:0 ;
in:1050 out:1049 type:P dur:2 cpbdur:2 q:49.50 aq:45.78 tex:18117 mv:15508 misc:7583 imb:1284 pmb:967 smb:12149 d:- ref:0 ;
in:1049 out:1050 type:b dur:2 cpbdur:2 q:49.52 aq:48.93 tex:2196 mv:2836 misc:2064 imb:28 pmb:367 smb:14005 d:- ref:0 ;
in:1052 out:1051 type:P dur:2 cpbdur:2 q:49.47 aq:45.91 tex:17105 mv:14396 misc:7547 imb:1187 pmb:951 smb:12262 d:- ref:0 ;
in:1051 out:1052 type:b dur:2 cpbdur:2 q:49.48 aq:49.35 tex:1283 mv:2219 misc:1778 imb:30 pmb:267 smb:14103 d:- ref:0 ;
in:1054 out:1053 type:P dur:2 cpbdur:2 q:49.45 aq:44.96 tex:20302 mv:16596 misc:7806 imb:1426 pmb:1015 smb:11959 d:- ref:0 ;
in:1053 out:1054 type:b dur:2 cpbdur:2 q:49.46 aq:48.54 tex:1834 mv:3825 misc:2365 imb:28 pmb:395 smb:13977 d:- ref:0 ;
in:1058 out:1055 type:P dur:2 cpbdur:2 q:49.43 aq:42.95 tex:31154 mv:23912 misc:10118 imb:2667 pmb:1217 smb:10516 d:- ref:0 w:6,63,0 ;
in:1056 out:1056 type:B dur:2 cpbdur:2 q:49.44 aq:46.52 tex:4539 mv:9152 misc:4221 imb:203 pmb:764 smb:13433 d:- ref:0 ;
in:1055 out:1057 type:b dur:2 cpbdur:2 q:49.45 aq:49.14 tex:1005 mv:2777 misc:2050 imb:30 pmb:293 smb:14077 d:- ref:0 ;
in:1057 out:1058 type:b dur:2 cpbdur:2 q:49.44 aq:48.43 tex:1858 mv:5016 misc:2878 imb:71 pmb:479 smb:13850 d:- ref:0 ;
in:1060 out:1059 type:P dur:2 cpbdur:2 q:49.39 aq:44.31 tex:18307 mv:15231 misc:8038 imb:1251 pmb:958 smb:12191 d:- ref:0 ;
in:1059 out:1060 type:b dur:2 cpbdur:2 q:49.41 aq:47.88 tex:783 mv:2339 misc:1870 imb:27 pmb:252 smb:14121 d:- ref:0 ;
in:1062 out:1061 type:P dur:2 cpbdur:2 q:49.36 aq:43.92 tex:17301 mv:15543 misc:8180 imb:1296 pmb:995 smb:12109 d:- ref:0 ;
in:1061 out:1062 type:b dur:2 cpbdur:2 q:49.38 aq:49.67 tex:720 mv:1906 misc:1582 imb:9 pmb:205 smb:14186 d:- ref:0 ;
in:1064 out:1063 type:P dur:2 cpbdur:2 q:49.34 aq:44.29 tex:16328 mv:13563 misc:7341 imb:1134 pmb:879 smb:12387 d:- ref:0 ;
in:1063 out:1064 type:b dur:2 cpbdur:2 q:49.35 aq:49.79 tex:666 mv:1441 misc:1421 imb:6 pmb:186 smb:14208 d:- ref:0 ;
in:1066 out:1065 type:P dur:2 cpbdur:2 q:49.31 aq:43.73 tex:23033 mv:19139 misc:9332 imb:1831 pmb:1088 smb:11481 d:- ref:0 ;
in:1065 out:1066 type:b dur:2 cpbdur:2 q:49.32 aq:49.06 tex:1234 mv:2560 misc:1830 imb:21 pmb:262 smb:14117 d:- ref:0 ;
in:1068 out:1067 type:P dur:2 cpbdur:2 q:49.28 aq:44.75 tex:7496 mv:5309 misc:4323 imb:427 pmb:411 smb:13562 d:- ref:0 ;
in:1067 out:1068 type:b dur:2 cpbdur:2 q:49.30 aq:48.88 tex:403 mv:382 misc:975 imb:5 pmb:70 smb:14325 d:- ref:0 ;
in:1070 out:1069 type:P dur:2 cpbdur:2 q:49.25 aq:43.93 tex:22605 mv:17210 misc:8401 imb:1643 pmb:965 smb:11792 d:- ref:0 ;
in:1069 out:1070 type:b dur:2 cpbdur:2 q:49.27 aq:48.45 tex:3963 mv:3127 misc:2214 imb:38 pmb:437 smb:13925 d:- ref:0 ;
in:1072 out:1071 type:P dur:2 cpbdur:2 q:49.23 aq:43.04 tex:31356 mv:17752 misc:8140 imb:2286 pmb:966 smb:11148 d:- ref:0 ;
in:1071 out:1072 type:b dur:2 cpbdur:2 q:49.24 aq:47.80 tex:3507 mv:2796 misc:2593 imb:35 pmb:706 smb:13659 d:- ref:0 ;
in:1074 out:1073 type:P dur:2 cpbdur:2 q:49.20 aq:44.13 tex:19264 mv:15367 misc:7681 imb:1591 pmb:933 smb:11876 d:- ref:0 ;
in:1073 out:1074 type:b dur:2 cpbdur:2 q:49.21 aq:47.60 tex:2256 mv:1768 misc:1920 imb:12 pmb:310 smb:14078 d:- ref:0 ;
in:1076 out:1075 type:P dur:2 cpbdur:2 q:49.17 aq:42.89 tex:25213 mv:19019 misc:9224 imb:2137 pmb:1188 smb:11075 d:- ref:0 ;
in:1075 out:1076 type:b dur:2 cpbdur:2 q:49.19 aq:47.80 tex:2131 mv:1810 misc:1635 imb:18 pmb:231 smb:14151 d:- ref:0 ;
in:1078 out:1077 type:P dur:2 cpbdur:2 q:49.14 aq:44.37 tex:21279 mv:16768 misc:8185 imb:1684 pmb:1127 smb:11589 d:- ref:0 ;
in:1077 out:1078 type:b dur:2 cpbdur:2 q:49.16 aq:49.12 tex:1857 mv:1792 misc:1735 imb:25 pmb:264 smb:14111 d:- ref:0 ;
in:1080 out:1079 type:P dur:2 cpbdur:2 q:49.12 aq:44.72 tex:9284 mv:7488 misc:5364 imb:632 pmb:755 smb:13013 d:- ref:0 ;
in:1079 out:1080 type:b dur:2 cpbdur:2 q:49.13 aq:45.32 tex:429 mv:355 misc:1024 imb:4 pmb:80 smb:14316 d:- ref:0 ;
in:1082 out:1081 type:P dur:2 cpbdur:2 q:49.09 aq:43.89 tex:16504 mv:15391 misc:7721 imb:1489 pmb:993 smb:11918 d:- ref:0 ;
in:1081 out:1082 type:b dur:2 cpbdur:2 q:49.10 aq:49.15 tex:1241 mv:2082 misc:1853 imb:13 pmb:274 smb:14113 d:- ref:0 ;
in:1084 out:1083 type:P dur:2 cpbdur:2 q:49.06 aq:44.27 tex:19200 mv:15824 misc:8512 imb:1664 pmb:1004 smb:11732 d:- ref:0 ;
in:1083 out:1084 type:b dur:2 cpbdur:2 q:49.07 aq:48.06 tex:1008 mv:1929 misc:1735 imb:20 pmb:232 smb:14148 d:- ref:0 ;
in:1086 out:1085 type:P dur:2 cpbdur:2 q:49.03 aq:46.21 tex:4229 mv:3602 misc:3209 imb:248 pmb:331 smb:13821 d:- ref:0 ;
in:1085 out:1086 type:b dur:2 cpbdur:2 q:49.04 aq:49.33 tex:206 mv:157 misc:893 imb:2 pmb:40 smb:14358 d:- ref:0 ;
in:1090 out:1087 type:P dur:2 cpbdur:2 q:49.00 aq:43.62 tex:24261 mv:19153 misc:8658 imb:2426 pmb:936 smb:11038 d:- ref:0 w:6,63,0 ;
in:1088 out:1088 type:B dur:2 cpbdur:2 q:49.01 aq:44.76 tex:5128 mv:7761 misc:4919 imb:232 pmb:904 smb:13264 d:- ref:0 ;
in:1087 out:1089 type:b dur:2 cpbdur:2 q:49.02 aq:47.23 tex:1899 mv:3967 misc:2454 imb:92 pmb:360 smb:13948 d:- ref:0 ;
in:1089 out:1090 type:b dur:2 cpbdur:2 q:49.00 aq:47.76 tex:662 mv:1341 misc:1709 imb:22 pmb:207 smb:14171 d:- ref:0 ;
in:1092 out:1091 type:P dur:2 cpbdur:2 q:48.96 aq:47.81 tex:3190 mv:3589 misc:3061 imb:265 pmb:325 smb:13810 d:- ref:0 ;
in:1091 out:1092 type:b dur:2 cpbdur:2 q:48.98 aq:48.01 tex:429 mv:424 misc:1275 imb:4 pmb:124 smb:14272 d:- ref:0 ;
in:1093 out:1093 type:I dur:2 cpbdur:2 q:46.29 aq:32.51 tex:57427 mv:31586 misc:355 imb:14400 pmb:0 smb:0 d:- ref:;
in:1096 out:1094 type:P dur:2 cpbdur:2 q:48.92 aq:37.15 tex:460 mv:1620 misc:1328 imb:88 pmb:94 smb:14218 d:- ref:0 ;
in:1094 out:1095 type:B dur:2 cpbdur:2 q:48.92 aq:38.99 tex:45 mv:39 misc:652 imb:2 pmb:3 smb:14395 d:- ref:0 ;
in:1095 out:1096 type:b dur:2 cpbdur:2 q:48.92 aq:40.00 tex:0 mv:0 misc:624 imb:0 pmb:0 smb:14400 d:- ref:0 ;
in:1098 out:1097 type:P dur:2 cpbdur:2 q:48.87 aq:39.36 tex:1218 mv:2558 misc:1728 imb:175 pmb:159 smb:14066 d:- ref:0 ;
in:1097 out:1098 type:b dur:2 cpbdur:2 q:48.90 aq:42.83 tex:25 mv:12 misc:643 imb:0 pmb:2 smb:14398 d:- ref:0 ;
in:1100 out:1099 type:P dur:2 cpbdur:2 q:48.84 aq:37.85 tex:3126 mv:5329 misc:2953 imb:479 pmb:250 smb:13671 d:- ref:0 ;
in:1099 out:1100 type:b dur:2 cpbdur:2 q:48.86 aq:40.00 tex:1 mv:50 misc:637 imb:0 pmb:2 smb:14398 d:- ref:0 ;
in:1102 out:1101 type:P dur:2 cpbdur:2 q:48.81 aq:37.64 tex:1793 mv:2421 misc:1898 imb:124 pmb:162 smb:14114 d:- ref:0 ;
in:1101 out:1102 type:b dur:2 cpbdur:2 q:48.82 aq:40.00 tex:16 mv:42 misc:646 imb:2 pmb:1 smb:14397 d:- ref:0 ;
in:1104 out:1103 type:P dur:2 cpbdur:2 q:48.76 aq:33.92 tex:15898 mv:18091 misc:7963 imb:3289 pmb:444 smb:10667 d:- ref:0 ;
in:1103 out:1104 type:b dur:2 cpbdur:2 q:48.79 aq:37.09 tex:249 mv:2000 misc:2567 imb:87 pmb:415 smb:13898 d:- ref:0 ;
in:1106 out:1105 type:P dur:2 cpbdur:2 q:48.73 aq:34.62 tex:8507 mv:11928 misc:6781 imb:1579 pmb:416 smb:12405 d:- ref:0 ;
in:1105 out:1106 type:b dur:2 cpbdur:2 q:48.75 aq:39.88 tex:17 mv:65 misc:702 imb:1 pmb:12 smb:14387 d:- ref:0 ;
in:1108 out:1107 type:P dur:2 cpbdur:2 q:48.70 aq:34.54 tex:2172 mv:2649 misc:2611 imb:315 pmb:99 smb:13986 d:- ref:0 ;
in:1107 out:1108 type:b dur:2 cpbdur:2 q:48.71 aq:40.00 tex:0 mv:0 misc:624 imb:0 pmb:0 smb:14400 d:- ref:0 ;
in:1110 out:1109 type:P dur:2 cpbdur:2 q:48.65 aq:33.54 tex:1407 mv:1427 misc:1718 imb:124 pmb:61 smb:14215 d:- ref:0 ;
in:1109 out:1110 type:b dur:2 cpbdur:2 q:48.67 aq:44.71 tex:39 mv:15 misc:634 imb:0 pmb:1 smb:14399 d:- ref:0 ;
in:1112 out:1111 type:P dur:2 cpbdur:2 q:48.62 aq:33.48 tex:1254 mv:1493 misc:1741 imb:134 pmb:63 smb:14203 d:- ref:0 ;
in:1111 out:1112 type:b dur:2 cpbdur:2 q:48.63 aq:40.00 tex:0 mv:0 misc:624 imb:0 pmb:0 smb:14400 d:- ref:0 ;
in:1114 out:1113 type:P dur:2 cpbdur:2 q:48.58 aq:33.64 tex:1673 mv:1977 misc:2038 imb:186 pmb:84 smb:14130 d:- ref:0 ;
in:1113 out:1114 type:b dur:2 cpbdur:2 q:48.60 aq:42.48 tex:72 mv:19 misc:637 imb:1 pmb:1 smb:14398 d:- ref:0 ;
in:1116 out:1115 type:P dur:2 cpbdur:2 q:48.53 aq:32.48 tex:988 mv:507 misc:1161 imb:62 pmb:24 smb:14314 d:- ref:0 ;
in:1115 out:1116 type:b dur:2 cpbdur:2 q:48.55 aq:44.58 tex:52 mv:6 misc:630 imb:0 pmb:1 smb:14399 d:- ref:0 ;
in:1118 out:1117 type:P dur:2 cpbdur:2 q:48.49 aq:29.15 tex:1062 mv:679 misc:1219 imb:64 pmb:28 smb:14308 d:- ref:0 ;
in:1117 out:1118 type:b dur:2 cpbdur:2 q:48.51 aq:44.58 tex:44 mv:6 misc:630 imb:0 pmb:1 smb:14399 d:- ref:0 ;
in:1122 out:1119 type:P dur:2 cpbdur:2 q:48.45 aq:30.82 tex:16182 mv:14735 misc:9379 imb:2366 pmb:459 smb:11575 d:- ref:0 w:0,1,1 ;
in:1120 out:1120 type:B dur:2 cpbdur:2 q:48.47 aq:32.31 tex:37 mv:66 misc:697 imb:3 pmb:5 smb:14392 d:- ref:0 ;
in:1119 out:1121 type:b dur:2 cpbdur:2 q:48.48 aq:40.00 tex:0 mv:19 misc:637 imb:0 pmb:1 smb:14399 d:- ref:0 ;
in:1121 out:1122 type:b dur:2 cpbdur:2 q:48.46 aq:33.00 tex:0 mv:0 misc:616 imb:0 pmb:0 smb:14400 d:- ref:0 ;
in:1126 out:1123 type:P dur:2 cpbdur:2 q:48.40 aq:32.30 tex:911 mv:940 misc:1461 imb:97 pmb:38 smb:14265 d:- ref:0 ;
in:1124 out:1124 type:B dur:2 cpbdur:2 q:48.42 aq:35.00 tex:1 mv:45 misc:658 imb:0 pmb:2 smb:14398 d:- ref:0 ;
in:1123 out:1125 type:b dur:2 cpbdur:2 q:48.44 aq:37.00 tex:0 mv:3 misc:637 imb:0 pmb:1 smb:14399 d:- ref:0 ;
in:1125 out:1126 type:b dur:2 cpbdur:2 q:48.41 aq:37.00 tex:1 mv:20 misc:635 imb:0 pmb:2 smb:14398 d:- ref:0 ;
in:1130 out:1127 type:P dur:2 cpbdur:2 q:48.32 aq:29.81 tex:760 mv:518 misc:1130 imb:66 pmb:16 smb:14318 d:- ref:0 ;
in:1128 out:1128 type:B dur:2 cpbdur:2 q:48.36 aq:41.67 tex:72 mv:21 misc:659 imb:1 pmb:2 smb:14397 d:- ref:0 ;
in:1127 out:1129 type:b dur:2 cpbdur:2 q:48.38 aq:42.25 tex:109 mv:35 misc:640 imb:1 pmb:2 smb:14397 d:- ref:0 ;
in:1129 out:1130 type:b dur:2 cpbdur:2 q:48.34 aq:36.00 tex:0 mv:13 misc:635 imb:0 pmb:1 smb:14399 d:- ref:0 ;
in:1134 out:1131 type:P dur:2 cpbdur:2 q:48.24 aq:32.25 tex:1133 mv:996 misc:1535 imb:108 pmb:42 smb:14250 d:- ref:0 ;
in:1132 out:1132 type:B dur:2 cpbdur:2 q:48.28 aq:30.08 tex:28 mv:9 misc:659 imb:0 pmb:2 smb:14398 d:- ref:0 ;
in:1131 out:1133 type:b dur:2 cpbdur:2 q:48.30 aq:36.00 tex:0 mv:0 misc:624 imb:0 pmb:0 smb:14400 d:- ref:0 ;
in:1133 out:1134 type:b dur:2 cpbdur:2 q:48.26 aq:40.00 tex:0 mv:0 misc:624 imb:0 pmb:0 smb:14400 d:- ref:0 ;
in:1136 out:1135 type:P dur:2 cpbdur:2 q:48.16 aq:31.45 tex:2217 mv:1550 misc:2193 imb:205 pmb:85 smb:14110 d:- ref:0 ;
in:1135 out:1136 type:b dur:2 cpbdur:2 q:48.20 aq:41.00 tex:0 mv:0 misc:624 imb:0 pmb:0 smb:14400 d:- ref:0 ;
in:1140 out:1137 type:P dur:2 cpbdur:2 q:48.13 aq:35.87 tex:420 mv:170 misc:834 imb:16 pmb:15 smb:14369 d:- ref:0 ;
in:1138 out:1138 type:B dur:2 cpbdur:2 q:48.14 aq:40.76 tex:96 mv:53 misc:667 imb:0 pmb:3 smb:14397 d:- ref:0 ;
in:1137 out:1139 type:b dur:2 cpbdur:2 q:48.15 aq:41.00 tex:0 mv:10 misc:630 imb:0 pmb:1 smb:14399 d:- ref:0 ;
in:1139 out:1140 type:b dur:2 cpbdur:2 q:48.14 aq:45.17 tex:94 mv:8 misc:634 imb:0 pmb:2 smb:14398 d:- ref:0 ;
in:1144 out:1141 type:P dur:2 cpbdur:2 q:48.03 aq:31.23 tex:262 mv:148 misc:822 imb:24 pmb:4 smb:14372 d:- ref:0 ;
in:1142 out:1142 type:B dur:2 cpbdur:2 q:48.08 aq:39.00 tex:0 mv:0 misc:640 imb:0 pmb:0 smb:14400 d:- ref:0 ;
in:1141 out:1143 type:b dur:2 cpbdur:2 q:48.10 aq:41.00 tex:0 mv:0 misc:624 imb:0 pmb:0 smb:14400 d:- ref:0 ;
in:1143 out:1144 type:b dur:2 cpbdur:2 q:48.06 aq:41.00 tex:0 mv:0 misc:624 imb:0 pmb:0 smb:14400 d:- ref:0 ;
in:1148 out:1145 type:P dur:2 cpbdur:2 q:47.95 aq:28.33 tex:234 mv:132 misc:730 imb:10 pmb:6 smb:14384 d:- ref:0 ;
in:1146 out:1146 type:B dur:2 cpbdur:2 q:47.99 aq:39.00 tex:1 mv:16 misc:647 imb:0 pmb:1 smb:14399 d:- ref:0 ;
in:1145 out:1147 type:b dur:2 cpbdur:2 q:48.01 aq:41.00 tex:0 mv:0 misc:624 imb:0 pmb:0 smb:14400 d:- ref:0 ;
in:1147 out:1148 type:b dur:2 cpbdur:2 q:47.97 aq:41.00 tex:0 mv:26 misc:630 imb:0 pmb:1 smb:14399 d:- ref:0 ;
in:1150 out:1149 type:P dur:2 cpbdur:2 q:47.86 aq:32.52 tex:132 mv:68 misc:704 imb:7 pmb:2 smb:14391 d:- ref:0 ;
in:1149 out:1150 type:b dur:2 cpbdur:2 q:47.91 aq:41.00 tex:0 mv:0 misc:624 imb:0 pmb:0 smb:14400 d:- ref:0 ;
in:1154 out:1151 type:P dur:2 cpbdur:2 q:47.82 aq:31.21 tex:608 mv:958 misc:1426 imb:96 pmb:35 smb:14269 d:- ref:0 ;
in:1152 out:1152 type:B dur:2 cpbdur:2 q:47.84 aq:35.20 tex:151 mv:77 misc:700 imb:3 pmb:5 smb:14392 d:- ref:0 ;
in:1151 out:1153 type:b dur:2 cpbdur:2 q:47.85 aq:45.17 tex:64 mv:6 misc:634 imb:0 pmb:1 smb:14399 d:- ref:0 ;
in:1153 out:1154 type:b dur:2 cpbdur:2 q:47.83 aq:39.00 tex:0 mv:0 misc:624 imb:0 pmb:0 smb:14400 d:- ref:0 ;
in:1156 out:1155 type:P dur:2 cpbdur:2 q:47.74 aq:39.00 tex:0 mv:0 misc:640 imb:0 pmb:0 smb:14400 d:- ref:0 ;
in:1155 out:1156 type:b dur:2 cpbdur:2 q:47.78 aq:39.00 tex:0 mv:0 misc:624 imb:0 pmb:0 smb:14400 d:- ref:0 ;
